week,date,city,country,tier,market_type,is_treated,post_treatment,treated_post,orders,active_users,new_users,aov_eur,reorder_rate,conversion_rate,avg_basket_items,delivery_fee_eur,weekly_revenue_eur,macro_shock
1,2022-01-03,Madrid,Spain,1,competitive,0,0,0,137503,84320,11892,22.2,0.592,0.0395,2.92,1.25,3084187.0,1.0055
2,2022-01-10,Madrid,Spain,1,competitive,0,0,0,135534,86838,11854,22.6,0.599,0.0501,3.15,1.16,3093288.0,1.002
3,2022-01-17,Madrid,Spain,1,competitive,0,0,0,141931,82159,14872,23.11,0.603,0.0295,2.84,1.21,3309849.0,1.0084
4,2022-01-24,Madrid,Spain,1,competitive,0,0,0,128541,85758,10572,22.34,0.605,0.035,2.92,1.04,2898362.0,1.0222
5,2022-01-31,Madrid,Spain,1,competitive,0,0,0,130351,82538,10351,22.49,0.606,0.0375,2.56,1.29,2963536.0,1.0119
6,2022-02-07,Madrid,Spain,1,competitive,0,0,0,134360,82415,11279,22.67,0.59,0.0304,2.83,1.26,3077094.0,1.0051
7,2022-02-14,Madrid,Spain,1,competitive,0,0,0,139430,87172,12746,22.33,0.596,0.0292,2.58,1.22,3145377.0,1.0207
8,2022-02-21,Madrid,Spain,1,competitive,0,0,0,131779,84785,11444,22.64,0.579,0.0404,2.9,1.23,3014762.0,1.0219
9,2022-02-28,Madrid,Spain,1,competitive,0,0,0,135281,88003,13654,22.34,0.601,0.0196,3.1,1.19,3053595.0,1.0091
10,2022-03-07,Madrid,Spain,1,competitive,0,0,0,132964,86767,13896,23.26,0.631,0.0215,2.86,1.22,3124499.0,1.0119
11,2022-03-14,Madrid,Spain,1,competitive,0,0,0,131007,86706,10946,22.92,0.564,0.0252,2.79,1.25,3035195.0,1.0026
12,2022-03-21,Madrid,Spain,1,competitive,0,0,0,127707,83531,11733,22.0,0.63,0.0344,2.78,1.14,2838122.0,0.9966
13,2022-03-28,Madrid,Spain,1,competitive,0,0,0,136603,86849,12796,22.5,0.606,0.0386,2.6,1.08,3101707.0,1.0004
14,2022-04-04,Madrid,Spain,1,competitive,0,0,0,140097,88145,13227,23.24,0.608,0.0413,2.78,1.15,3286264.0,0.9792
15,2022-04-11,Madrid,Spain,1,competitive,0,0,0,135293,86121,13536,22.59,0.6,0.0352,2.69,1.21,3087531.0,0.9675
16,2022-04-18,Madrid,Spain,1,competitive,0,0,0,140728,90244,11569,22.38,0.602,0.0273,2.97,1.22,3182522.0,0.9727
17,2022-04-25,Madrid,Spain,1,competitive,0,0,0,130990,82299,10373,22.4,0.607,0.0425,3.01,1.08,2960841.0,0.9711
18,2022-05-02,Madrid,Spain,1,competitive,0,0,0,134775,84711,12227,22.99,0.601,0.0367,3.01,1.23,3129736.0,0.9847
19,2022-05-09,Madrid,Spain,1,competitive,0,0,0,128351,82793,14386,22.83,0.612,0.0379,2.62,1.26,2961549.0,0.9801
20,2022-05-16,Madrid,Spain,1,competitive,0,0,0,125238,78664,10790,22.53,0.604,0.0347,3.13,1.21,2850167.0,0.9132
21,2022-05-23,Madrid,Spain,1,competitive,0,0,0,136212,84274,11917,22.76,0.604,0.0396,2.73,1.25,3131788.0,0.9677
22,2022-05-30,Madrid,Spain,1,competitive,0,0,0,137087,90570,14296,22.71,0.61,0.0352,2.97,1.21,3146123.0,0.996
23,2022-06-06,Madrid,Spain,1,competitive,0,0,0,136717,91077,14734,22.29,0.614,0.0378,2.77,1.23,3081029.0,0.9981
24,2022-06-13,Madrid,Spain,1,competitive,0,0,0,137830,87308,10621,22.76,0.591,0.0341,2.64,1.2,3168442.0,0.9831
25,2022-06-20,Madrid,Spain,1,competitive,0,0,0,134973,86488,12303,22.69,0.572,0.0318,3.0,1.28,3095749.0,0.983
26,2022-06-27,Madrid,Spain,1,competitive,0,0,0,134648,84471,10061,21.99,0.629,0.0343,2.87,1.18,2990812.0,0.9902
27,2022-07-04,Madrid,Spain,1,competitive,0,0,0,135775,87684,12641,22.08,0.601,0.0444,2.94,1.22,3030004.0,0.981
28,2022-07-11,Madrid,Spain,1,competitive,0,0,0,127729,83662,11620,22.34,0.599,0.0279,2.52,1.35,2887349.0,0.9918
29,2022-07-18,Madrid,Spain,1,competitive,0,0,0,128964,80393,9787,22.87,0.587,0.0229,2.95,1.29,2980519.0,0.988
30,2022-07-25,Madrid,Spain,1,competitive,0,0,0,129694,78113,11822,22.29,0.59,0.0307,2.88,1.21,2919234.0,0.989
31,2022-08-01,Madrid,Spain,1,competitive,0,0,0,122945,74128,11228,22.58,0.597,0.0373,2.94,1.16,2801895.0,0.9862
32,2022-08-08,Madrid,Spain,1,competitive,0,0,0,127391,77344,12961,22.4,0.593,0.0341,2.75,1.24,2882330.0,1.0114
33,2022-08-15,Madrid,Spain,1,competitive,0,0,0,128185,78728,13452,22.71,0.608,0.0349,2.63,1.26,2940841.0,1.0073
34,2022-08-22,Madrid,Spain,1,competitive,0,0,0,129298,79483,12681,22.2,0.602,0.0333,2.87,1.16,2898076.0,0.9931
35,2022-08-29,Madrid,Spain,1,competitive,0,0,0,133805,84946,10530,22.86,0.589,0.0368,3.13,1.16,3088344.0,1.0046
36,2022-09-05,Madrid,Spain,1,competitive,0,0,0,132096,86081,13503,23.17,0.61,0.0313,2.56,1.25,3092945.0,0.9895
37,2022-09-12,Madrid,Spain,1,competitive,0,0,0,131213,85457,14602,23.46,0.585,0.03,2.89,1.3,3111585.0,0.9955
38,2022-09-19,Madrid,Spain,1,competitive,0,0,0,132078,81093,14376,21.98,0.589,0.0355,2.84,1.14,2930808.0,0.9755
39,2022-09-26,Madrid,Spain,1,competitive,0,0,0,129202,78559,12106,22.78,0.602,0.031,2.82,1.21,2971738.0,0.9695
40,2022-10-03,Madrid,Spain,1,competitive,0,0,0,125626,82134,14080,22.8,0.601,0.0282,2.88,1.22,2894334.0,0.9823
41,2022-10-10,Madrid,Spain,1,competitive,0,0,0,128961,81743,10142,22.99,0.603,0.0336,2.91,1.22,2994731.0,0.9966
42,2022-10-17,Madrid,Spain,1,competitive,0,0,0,128736,81603,12486,22.3,0.598,0.0416,2.81,1.12,2898231.0,0.9997
43,2022-10-24,Madrid,Spain,1,competitive,0,0,0,137709,81712,13700,22.86,0.596,0.0382,2.57,1.38,3181857.0,0.9985
44,2022-10-31,Madrid,Spain,1,competitive,0,0,0,132570,80973,13954,21.99,0.595,0.0497,2.89,1.28,2946308.0,0.9957
45,2022-11-07,Madrid,Spain,1,competitive,0,0,0,120058,80662,15262,22.37,0.589,0.0407,2.76,1.2,2714736.0,0.981
46,2022-11-14,Madrid,Spain,1,competitive,0,0,0,132308,80752,9470,22.38,0.598,0.0311,2.79,1.18,2989639.0,0.9797
47,2022-11-21,Madrid,Spain,1,competitive,0,0,0,127368,80507,13736,22.53,0.614,0.0328,2.95,1.19,2898342.0,0.9817
48,2022-11-28,Madrid,Spain,1,competitive,0,0,0,132542,82782,10969,22.65,0.58,0.0565,2.99,1.24,3032871.0,0.9998
49,2022-12-05,Madrid,Spain,1,competitive,0,0,0,135596,88937,14558,22.31,0.572,0.0346,2.67,1.42,3063034.0,1.0036
50,2022-12-12,Madrid,Spain,1,competitive,0,0,0,139702,89299,14030,22.29,0.609,0.0502,2.83,1.2,3146105.0,0.983
51,2022-12-19,Madrid,Spain,1,competitive,0,0,0,148876,90827,12699,22.63,0.604,0.0496,2.79,1.15,3400399.0,0.9925
52,2022-12-26,Madrid,Spain,1,competitive,0,0,0,160024,93077,15788,22.1,0.599,0.0376,2.93,1.24,3571155.0,0.9909
53,2023-01-02,Madrid,Spain,1,competitive,0,0,0,148267,88121,11778,22.29,0.59,0.0496,3.01,1.21,3336859.0,0.9866
54,2023-01-09,Madrid,Spain,1,competitive,0,0,0,138303,90035,13273,22.92,0.612,0.0301,2.8,1.22,3202858.0,0.998
55,2023-01-16,Madrid,Spain,1,competitive,0,0,0,128931,83043,13212,22.89,0.614,0.042,2.76,1.14,2979631.0,0.9697
56,2023-01-23,Madrid,Spain,1,competitive,0,0,0,135132,83421,11875,22.33,0.624,0.0432,2.81,1.22,3048030.0,1.0168
57,2023-01-30,Madrid,Spain,1,competitive,0,0,0,126148,83533,10296,22.29,0.579,0.032,2.76,1.25,2843164.0,1.0017
58,2023-02-06,Madrid,Spain,1,competitive,0,0,0,127485,86113,14731,23.04,0.623,0.0339,3.02,1.19,2967997.0,0.9977
59,2023-02-13,Madrid,Spain,1,competitive,0,0,0,136217,89364,15880,22.56,0.568,0.0336,3.19,1.1,3102546.0,1.0021
60,2023-02-20,Madrid,Spain,1,competitive,0,0,0,140461,87180,12372,21.98,0.591,0.0207,3.09,1.33,3122118.0,1.0121
61,2023-02-27,Madrid,Spain,1,competitive,0,0,0,127219,86850,14198,23.03,0.577,0.0343,2.78,1.16,2960077.0,1.0026
62,2023-03-06,Madrid,Spain,1,competitive,0,0,0,139608,84310,12957,22.42,0.612,0.0327,2.84,1.18,3159857.0,0.9997
63,2023-03-13,Madrid,Spain,1,competitive,0,0,0,135882,87351,15440,22.39,0.583,0.0336,3.01,1.21,3074106.0,0.9876
64,2023-03-20,Madrid,Spain,1,competitive,0,0,0,133789,85878,11184,22.19,0.618,0.0218,2.88,1.11,2997375.0,0.9788
65,2023-03-27,Madrid,Spain,1,competitive,0,0,0,140867,88899,15836,22.82,0.599,0.0325,2.68,1.28,3248722.0,0.9951
66,2023-04-03,Madrid,Spain,1,competitive,0,0,0,149993,92551,11534,22.11,0.602,0.0396,2.56,1.22,3350219.0,1.0118
67,2023-04-10,Madrid,Spain,1,competitive,0,0,0,149358,91690,10464,21.61,0.59,0.0569,2.77,1.2,3260635.0,1.0069
68,2023-04-17,Madrid,Spain,1,competitive,0,0,0,147623,92925,13823,23.07,0.609,0.0321,2.6,1.23,3439952.0,1.0155
69,2023-04-24,Madrid,Spain,1,competitive,0,0,0,146009,90301,16426,22.53,0.605,0.04,2.72,1.26,3323717.0,1.014
70,2023-05-01,Madrid,Spain,1,competitive,0,0,0,142285,91152,16149,22.44,0.585,0.0282,2.89,1.26,3227331.0,1.002
71,2023-05-08,Madrid,Spain,1,competitive,0,0,0,143066,91153,12518,22.16,0.603,0.0292,2.89,1.21,3203431.0,1.0053
72,2023-05-15,Madrid,Spain,1,competitive,0,0,0,147563,93544,14422,22.47,0.6,0.0512,2.72,1.21,3349697.0,1.0204
73,2023-05-22,Madrid,Spain,1,competitive,0,0,0,145217,91435,13886,22.17,0.629,0.0469,2.62,1.12,3250183.0,1.0128
74,2023-05-29,Madrid,Spain,1,competitive,0,0,0,148996,92704,16410,22.51,0.589,0.0487,2.72,1.17,3386439.0,1.0256
75,2023-06-05,Madrid,Spain,1,competitive,0,0,0,146748,89290,13070,22.76,0.607,0.0306,2.88,1.17,3371325.0,0.9878
76,2023-06-12,Madrid,Spain,1,competitive,0,0,0,148353,88953,15085,22.24,0.63,0.0377,2.84,1.02,3326590.0,1.0011
77,2023-06-19,Madrid,Spain,1,competitive,0,0,0,138014,91373,12426,22.77,0.578,0.0254,2.59,1.14,3173828.0,1.0017
78,2023-06-26,Madrid,Spain,1,competitive,0,1,0,148076,91122,15315,22.34,0.622,0.0365,2.8,1.22,3341368.0,0.9978
79,2023-07-03,Madrid,Spain,1,competitive,0,1,0,141429,84780,12008,22.27,0.564,0.0407,2.8,1.17,3179382.0,0.9996
80,2023-07-10,Madrid,Spain,1,competitive,0,1,0,128544,86111,11338,22.42,0.586,0.0324,2.91,1.29,2915281.0,0.9779
81,2023-07-17,Madrid,Spain,1,competitive,0,1,0,126357,80462,14486,22.37,0.594,0.0479,2.6,1.24,2856538.0,0.9832
82,2023-07-24,Madrid,Spain,1,competitive,0,1,0,128277,80923,12279,22.36,0.616,0.0227,2.45,1.27,2899105.0,0.993
83,2023-07-31,Madrid,Spain,1,competitive,0,1,0,130791,80921,12947,22.1,0.594,0.0457,2.64,1.16,2918642.0,1.0117
84,2023-08-07,Madrid,Spain,1,competitive,0,1,0,134781,80284,10579,22.6,0.591,0.034,3.03,1.31,3077602.0,1.0019
85,2023-08-14,Madrid,Spain,1,competitive,0,1,0,128212,82757,9873,22.11,0.618,0.0399,2.73,1.21,2864808.0,0.9923
86,2023-08-21,Madrid,Spain,1,competitive,0,1,0,135411,82773,12878,22.53,0.592,0.0319,3.02,1.27,3082346.0,0.9895
87,2023-08-28,Madrid,Spain,1,competitive,0,1,0,144189,87400,14525,22.02,0.604,0.0341,2.76,1.34,3210177.0,1.0032
88,2023-09-04,Madrid,Spain,1,competitive,0,1,0,138149,88586,13611,22.61,0.597,0.043,2.73,1.1,3152782.0,1.0057
89,2023-09-11,Madrid,Spain,1,competitive,0,1,0,132269,85732,12487,23.08,0.602,0.0251,2.9,1.2,3083632.0,0.9979
90,2023-09-18,Madrid,Spain,1,competitive,0,1,0,136190,86574,12631,23.0,0.602,0.0317,2.81,1.19,3163277.0,1.0043
91,2023-09-25,Madrid,Spain,1,competitive,0,1,0,129010,86953,10484,22.62,0.616,0.026,2.65,1.25,2950814.0,1.0038
92,2023-10-02,Madrid,Spain,1,competitive,0,1,0,136125,85880,11125,22.42,0.588,0.0293,2.98,1.32,3085931.0,1.0132
93,2023-10-09,Madrid,Spain,1,competitive,0,1,0,143077,85759,11094,22.38,0.599,0.0395,2.65,1.26,3234480.0,1.0008
94,2023-10-16,Madrid,Spain,1,competitive,0,1,0,146436,81641,12802,22.19,0.59,0.0303,2.87,1.27,3280520.0,0.9969
95,2023-10-23,Madrid,Spain,1,competitive,0,1,0,121765,84593,10282,22.62,0.625,0.0398,2.89,1.13,2783001.0,0.9937
96,2023-10-30,Madrid,Spain,1,competitive,0,1,0,133187,84111,12143,22.35,0.602,0.0393,2.84,1.19,3006757.0,0.9798
97,2023-11-06,Madrid,Spain,1,competitive,0,1,0,130815,83048,13523,23.04,0.59,0.0357,2.88,1.24,3044871.0,0.9901
98,2023-11-13,Madrid,Spain,1,competitive,0,1,0,126307,82177,10414,22.29,0.568,0.0302,2.64,1.17,2844227.0,0.9965
99,2023-11-20,Madrid,Spain,1,competitive,0,1,0,131944,86143,11998,23.15,0.608,0.0335,2.9,1.22,3086032.0,0.9978
100,2023-11-27,Madrid,Spain,1,competitive,0,1,0,132165,83368,12073,22.59,0.594,0.0385,2.84,1.14,3014119.0,0.996
101,2023-12-04,Madrid,Spain,1,competitive,0,1,0,146226,87951,14041,22.12,0.594,0.0463,2.55,1.25,3267501.0,0.9818
102,2023-12-11,Madrid,Spain,1,competitive,0,1,0,151812,91799,14373,22.23,0.618,0.0411,2.48,1.24,3408930.0,0.9835
103,2023-12-18,Madrid,Spain,1,competitive,0,1,0,148787,91483,16164,22.64,0.614,0.0323,2.68,1.36,3405863.0,0.9855
104,2023-12-25,Madrid,Spain,1,competitive,0,1,0,152573,92403,12257,22.05,0.607,0.0379,2.38,1.14,3395836.0,0.9818
1,2022-01-03,Barcelona,Spain,1,competitive,0,0,0,110333,69506,10748,23.24,0.603,0.0399,2.73,1.24,2589995.0,1.0055
2,2022-01-10,Barcelona,Spain,1,competitive,0,0,0,109884,71672,10488,23.58,0.582,0.0406,2.81,1.11,2614931.0,1.002
3,2022-01-17,Barcelona,Spain,1,competitive,0,0,0,103547,66523,11693,22.76,0.62,0.0357,2.8,1.18,2380279.0,1.0084
4,2022-01-24,Barcelona,Spain,1,competitive,0,0,0,102675,67372,11770,23.1,0.609,0.0364,2.72,1.17,2395440.0,1.0222
5,2022-01-31,Barcelona,Spain,1,competitive,0,0,0,111317,67113,11866,22.24,0.579,0.0475,2.82,1.26,2501059.0,1.0119
6,2022-02-07,Barcelona,Spain,1,competitive,0,0,0,108276,66371,10498,23.01,0.588,0.0303,2.93,1.23,2515922.0,1.0051
7,2022-02-14,Barcelona,Spain,1,competitive,0,0,0,109051,72071,13251,23.45,0.605,0.0314,2.71,1.2,2583192.0,1.0207
8,2022-02-21,Barcelona,Spain,1,competitive,0,0,0,113986,72661,11214,23.0,0.583,0.0342,2.64,1.3,2650016.0,1.0219
9,2022-02-28,Barcelona,Spain,1,competitive,0,0,0,107860,69276,9185,23.04,0.6,0.0426,2.83,1.21,2510242.0,1.0091
10,2022-03-07,Barcelona,Spain,1,competitive,0,0,0,108818,72179,10289,22.83,0.597,0.0296,2.61,1.11,2508351.0,1.0119
11,2022-03-14,Barcelona,Spain,1,competitive,0,0,0,108491,70582,8676,23.16,0.577,0.0399,2.87,1.25,2539120.0,1.0026
12,2022-03-21,Barcelona,Spain,1,competitive,0,0,0,115646,68886,10674,22.69,0.591,0.0257,2.94,1.23,2649427.0,0.9966
13,2022-03-28,Barcelona,Spain,1,competitive,0,0,0,113342,71184,8697,23.43,0.595,0.0399,2.64,1.27,2682724.0,1.0004
14,2022-04-04,Barcelona,Spain,1,competitive,0,0,0,114635,70277,12584,23.56,0.614,0.0316,2.83,1.16,2725257.0,0.9792
15,2022-04-11,Barcelona,Spain,1,competitive,0,0,0,114826,73741,9146,23.5,0.61,0.0464,2.81,1.19,2724737.0,0.9675
16,2022-04-18,Barcelona,Spain,1,competitive,0,0,0,108933,72449,11803,22.82,0.614,0.0365,2.63,1.21,2512150.0,0.9727
17,2022-04-25,Barcelona,Spain,1,competitive,0,0,0,106952,69952,11979,22.9,0.626,0.0406,2.79,1.1,2472285.0,0.9711
18,2022-05-02,Barcelona,Spain,1,competitive,0,0,0,111301,69009,11613,23.47,0.598,0.0298,2.67,1.25,2638113.0,0.9847
19,2022-05-09,Barcelona,Spain,1,competitive,0,0,0,111130,69969,11196,23.24,0.624,0.0296,2.8,1.06,2604911.0,0.9801
20,2022-05-16,Barcelona,Spain,1,competitive,0,0,0,105486,66920,12179,22.87,0.588,0.0365,2.84,1.19,2436355.0,0.9132
21,2022-05-23,Barcelona,Spain,1,competitive,0,0,0,113338,69430,12007,23.35,0.593,0.0347,2.74,1.15,2670396.0,0.9677
22,2022-05-30,Barcelona,Spain,1,competitive,0,0,0,107388,70959,9170,23.1,0.594,0.0399,2.84,1.05,2503015.0,0.996
23,2022-06-06,Barcelona,Spain,1,competitive,0,0,0,111840,72484,11298,22.99,0.603,0.0318,2.69,1.3,2599470.0,0.9981
24,2022-06-13,Barcelona,Spain,1,competitive,0,0,0,115256,68064,11101,23.05,0.579,0.0293,2.78,1.14,2679929.0,0.9831
25,2022-06-20,Barcelona,Spain,1,competitive,0,0,0,109355,70504,12746,23.37,0.605,0.0471,2.81,1.21,2581219.0,0.983
26,2022-06-27,Barcelona,Spain,1,competitive,0,0,0,114306,70459,10414,22.71,0.606,0.0369,2.75,1.21,2621466.0,0.9902
27,2022-07-04,Barcelona,Spain,1,competitive,0,0,0,109118,69679,11017,23.4,0.586,0.0296,2.67,1.2,2578446.0,0.981
28,2022-07-11,Barcelona,Spain,1,competitive,0,0,0,109368,66915,10825,22.95,0.584,0.0508,3.02,1.24,2534888.0,0.9918
29,2022-07-18,Barcelona,Spain,1,competitive,0,0,0,103975,66074,8184,23.28,0.597,0.0446,2.74,1.21,2444523.0,0.988
30,2022-07-25,Barcelona,Spain,1,competitive,0,0,0,101897,62106,11109,22.55,0.605,0.0308,2.86,1.1,2318272.0,0.989
31,2022-08-01,Barcelona,Spain,1,competitive,0,0,0,101312,63417,7783,23.16,0.607,0.034,2.71,1.25,2370167.0,0.9862
32,2022-08-08,Barcelona,Spain,1,competitive,0,0,0,100264,65210,8841,23.32,0.609,0.057,2.85,1.29,2363393.0,1.0114
33,2022-08-15,Barcelona,Spain,1,competitive,0,0,0,107853,65315,11592,23.45,0.604,0.0313,2.66,1.21,2552862.0,1.0073
34,2022-08-22,Barcelona,Spain,1,competitive,0,0,0,101671,67130,11749,23.67,0.577,0.027,2.78,1.31,2432935.0,0.9931
35,2022-08-29,Barcelona,Spain,1,competitive,0,0,0,107930,66439,10864,23.16,0.596,0.0381,2.83,1.26,2524773.0,1.0046
36,2022-09-05,Barcelona,Spain,1,competitive,0,0,0,107322,69395,8593,22.76,0.593,0.0403,2.79,1.29,2469505.0,0.9895
37,2022-09-12,Barcelona,Spain,1,competitive,0,0,0,106705,66993,11346,22.76,0.602,0.0314,2.52,1.26,2453929.0,0.9955
38,2022-09-19,Barcelona,Spain,1,competitive,0,0,0,104909,66563,9656,23.05,0.612,0.04,2.65,1.19,2441915.0,0.9755
39,2022-09-26,Barcelona,Spain,1,competitive,0,0,0,103229,64728,8333,23.4,0.616,0.0291,2.77,1.28,2440414.0,0.9695
40,2022-10-03,Barcelona,Spain,1,competitive,0,0,0,98128,67067,11146,23.08,0.598,0.0316,2.76,1.16,2288134.0,0.9823
41,2022-10-10,Barcelona,Spain,1,competitive,0,0,0,101674,66532,10276,22.69,0.603,0.0365,2.75,1.26,2332132.0,0.9966
42,2022-10-17,Barcelona,Spain,1,competitive,0,0,0,106532,65605,10012,22.95,0.603,0.0284,2.51,1.23,2469118.0,0.9997
43,2022-10-24,Barcelona,Spain,1,competitive,0,0,0,109975,67913,10409,22.86,0.585,0.0408,2.7,1.18,2538070.0,0.9985
44,2022-10-31,Barcelona,Spain,1,competitive,0,0,0,110678,65893,11172,22.91,0.572,0.0284,2.79,1.18,2558959.0,0.9957
45,2022-11-07,Barcelona,Spain,1,competitive,0,0,0,104533,66685,9915,23.58,0.562,0.0348,2.6,1.18,2488495.0,0.981
46,2022-11-14,Barcelona,Spain,1,competitive,0,0,0,99455,64282,9616,23.43,0.6,0.0393,2.89,1.25,2354336.0,0.9797
47,2022-11-21,Barcelona,Spain,1,competitive,0,0,0,105671,66449,9512,22.84,0.612,0.0264,2.7,1.08,2435055.0,0.9817
48,2022-11-28,Barcelona,Spain,1,competitive,0,0,0,110475,68030,11151,23.04,0.596,0.0394,2.96,1.11,2567998.0,0.9998
49,2022-12-05,Barcelona,Spain,1,competitive,0,0,0,111492,71221,11900,23.47,0.57,0.0345,2.68,1.31,2644707.0,1.0036
50,2022-12-12,Barcelona,Spain,1,competitive,0,0,0,117032,73440,9013,22.54,0.606,0.0291,2.77,1.16,2663458.0,0.983
51,2022-12-19,Barcelona,Spain,1,competitive,0,0,0,117149,73947,9151,22.74,0.586,0.0319,2.78,1.08,2687927.0,0.9925
52,2022-12-26,Barcelona,Spain,1,competitive,0,0,0,114840,75462,11087,23.13,0.601,0.0357,2.85,1.15,2682284.0,0.9909
53,2023-01-02,Barcelona,Spain,1,competitive,0,0,0,119412,69777,8918,23.42,0.597,0.0372,2.95,1.17,2821121.0,0.9866
54,2023-01-09,Barcelona,Spain,1,competitive,0,0,0,112496,72584,9946,22.38,0.573,0.0184,2.92,1.16,2542920.0,0.998
55,2023-01-16,Barcelona,Spain,1,competitive,0,0,0,105680,66833,9104,22.77,0.62,0.0392,2.75,1.37,2433802.0,0.9697
56,2023-01-23,Barcelona,Spain,1,competitive,0,0,0,111005,71568,11410,23.1,0.583,0.0333,2.99,1.15,2588906.0,1.0168
57,2023-01-30,Barcelona,Spain,1,competitive,0,0,0,108915,68475,11016,23.17,0.628,0.0439,2.64,1.14,2546979.0,1.0017
58,2023-02-06,Barcelona,Spain,1,competitive,0,0,0,110835,71420,10955,23.02,0.578,0.0399,2.92,1.27,2578633.0,0.9977
59,2023-02-13,Barcelona,Spain,1,competitive,0,0,0,117898,73073,12513,23.36,0.606,0.033,2.68,1.13,2778869.0,1.0021
60,2023-02-20,Barcelona,Spain,1,competitive,0,0,0,108742,68666,10807,23.2,0.588,0.0234,2.83,1.21,2547740.0,1.0121
61,2023-02-27,Barcelona,Spain,1,competitive,0,0,0,112709,70549,9255,23.14,0.581,0.0347,2.62,1.27,2634965.0,1.0026
62,2023-03-06,Barcelona,Spain,1,competitive,0,0,0,116789,69038,9447,22.8,0.597,0.0345,2.69,1.24,2688471.0,0.9997
63,2023-03-13,Barcelona,Spain,1,competitive,0,0,0,112951,71624,12803,22.3,0.593,0.0519,2.81,1.21,2544807.0,0.9876
64,2023-03-20,Barcelona,Spain,1,competitive,0,0,0,109070,69142,9687,23.03,0.608,0.0362,2.9,1.04,2533454.0,0.9788
65,2023-03-27,Barcelona,Spain,1,competitive,0,0,0,114334,70275,12538,23.6,0.59,0.0416,2.65,1.05,2720419.0,0.9951
66,2023-04-03,Barcelona,Spain,1,competitive,0,0,0,121769,78304,12022,23.39,0.619,0.028,2.64,1.08,2873547.0,1.0118
67,2023-04-10,Barcelona,Spain,1,competitive,0,0,0,127462,76243,12084,23.23,0.598,0.0428,2.58,1.22,2988847.0,1.0069
68,2023-04-17,Barcelona,Spain,1,competitive,0,0,0,136275,78878,13835,23.12,0.608,0.0406,2.99,1.19,3178837.0,1.0155
69,2023-04-24,Barcelona,Spain,1,competitive,0,0,0,117750,73280,10129,22.83,0.606,0.0337,3.15,1.32,2717251.0,1.014
70,2023-05-01,Barcelona,Spain,1,competitive,0,0,0,117884,73757,11544,23.31,0.589,0.0323,2.78,1.18,2773986.0,1.002
71,2023-05-08,Barcelona,Spain,1,competitive,0,0,0,113223,71367,11179,23.53,0.607,0.0412,2.89,1.08,2687260.0,1.0053
72,2023-05-15,Barcelona,Spain,1,competitive,0,0,0,124669,75704,13830,23.09,0.58,0.0409,2.89,1.28,2907678.0,1.0204
73,2023-05-22,Barcelona,Spain,1,competitive,0,0,0,118666,72211,11066,23.22,0.596,0.0282,2.59,1.21,2781637.0,1.0128
74,2023-05-29,Barcelona,Spain,1,competitive,0,0,0,123869,77080,11713,22.99,0.624,0.0288,2.97,1.21,2875728.0,1.0256
75,2023-06-05,Barcelona,Spain,1,competitive,0,0,0,116705,75840,9523,22.83,0.584,0.0443,2.61,1.18,2691223.0,0.9878
76,2023-06-12,Barcelona,Spain,1,competitive,0,0,0,124392,72099,10690,23.06,0.593,0.034,2.89,1.21,2894651.0,1.0011
77,2023-06-19,Barcelona,Spain,1,competitive,0,0,0,120496,74530,11445,22.85,0.597,0.0464,2.66,1.27,2781730.0,1.0017
78,2023-06-26,Barcelona,Spain,1,competitive,0,1,0,122172,74674,9886,23.56,0.579,0.0298,2.86,1.18,2904807.0,0.9978
79,2023-07-03,Barcelona,Spain,1,competitive,0,1,0,123651,74318,9241,23.51,0.596,0.0437,2.75,1.17,2933121.0,0.9996
80,2023-07-10,Barcelona,Spain,1,competitive,0,1,0,115409,67859,10600,23.27,0.611,0.0351,2.78,1.23,2710607.0,0.9779
81,2023-07-17,Barcelona,Spain,1,competitive,0,1,0,112477,66780,11612,23.21,0.614,0.036,2.83,1.2,2634632.0,0.9832
82,2023-07-24,Barcelona,Spain,1,competitive,0,1,0,96637,65170,8263,23.0,0.612,0.0362,2.78,1.29,2247872.0,0.993
83,2023-07-31,Barcelona,Spain,1,competitive,0,1,0,108236,66226,11212,23.63,0.603,0.0489,2.67,1.2,2581458.0,1.0117
84,2023-08-07,Barcelona,Spain,1,competitive,0,1,0,102178,65060,10921,23.04,0.577,0.0318,2.75,1.23,2378188.0,1.0019
85,2023-08-14,Barcelona,Spain,1,competitive,0,1,0,111224,67833,9452,23.12,0.613,0.0417,3.01,1.14,2594698.0,0.9923
86,2023-08-21,Barcelona,Spain,1,competitive,0,1,0,107742,69550,9423,23.45,0.6,0.0254,2.67,1.2,2551588.0,0.9895
87,2023-08-28,Barcelona,Spain,1,competitive,0,1,0,113276,71293,12315,23.19,0.595,0.0242,2.76,1.2,2652536.0,1.0032
88,2023-09-04,Barcelona,Spain,1,competitive,0,1,0,112932,74560,11161,22.54,0.607,0.0245,2.85,1.15,2571210.0,1.0057
89,2023-09-11,Barcelona,Spain,1,competitive,0,1,0,117015,70519,10916,23.19,0.574,0.0396,2.87,1.33,2741715.0,0.9979
90,2023-09-18,Barcelona,Spain,1,competitive,0,1,0,111440,67586,9200,23.2,0.588,0.0432,2.66,1.22,2610144.0,1.0043
91,2023-09-25,Barcelona,Spain,1,competitive,0,1,0,111347,71024,11369,23.43,0.616,0.0353,2.77,1.2,2634429.0,1.0038
92,2023-10-02,Barcelona,Spain,1,competitive,0,1,0,116795,69660,11412,23.05,0.595,0.0359,2.76,1.21,2717411.0,1.0132
93,2023-10-09,Barcelona,Spain,1,competitive,0,1,0,109162,68696,9290,22.9,0.615,0.0342,3.03,1.16,2523716.0,1.0008
94,2023-10-16,Barcelona,Spain,1,competitive,0,1,0,120159,69839,12417,22.65,0.581,0.0359,2.71,1.2,2746743.0,0.9969
95,2023-10-23,Barcelona,Spain,1,competitive,0,1,0,118289,68842,8876,23.21,0.615,0.0475,2.89,1.11,2768412.0,0.9937
96,2023-10-30,Barcelona,Spain,1,competitive,0,1,0,112015,68548,10329,23.02,0.573,0.0293,2.87,1.0,2599150.0,0.9798
97,2023-11-06,Barcelona,Spain,1,competitive,0,1,0,112294,70153,9541,23.27,0.602,0.0299,2.87,1.2,2638336.0,0.9901
98,2023-11-13,Barcelona,Spain,1,competitive,0,1,0,110673,68701,8379,23.37,0.595,0.0484,2.75,1.14,2609924.0,0.9965
99,2023-11-20,Barcelona,Spain,1,competitive,0,1,0,115767,72370,9968,23.42,0.607,0.0239,2.79,1.21,2737533.0,0.9978
100,2023-11-27,Barcelona,Spain,1,competitive,0,1,0,110248,69313,10145,22.8,0.591,0.0345,2.57,1.25,2539647.0,0.996
101,2023-12-04,Barcelona,Spain,1,competitive,0,1,0,123493,73478,12607,23.31,0.58,0.0392,2.67,1.24,2905956.0,0.9818
102,2023-12-11,Barcelona,Spain,1,competitive,0,1,0,118447,74274,8825,23.26,0.617,0.0363,2.83,1.25,2782930.0,0.9835
103,2023-12-18,Barcelona,Spain,1,competitive,0,1,0,126047,76831,12407,22.96,0.616,0.018,2.81,1.15,2920546.0,0.9855
104,2023-12-25,Barcelona,Spain,1,competitive,0,1,0,128889,78137,12897,23.2,0.576,0.0445,2.92,1.19,3018120.0,0.9818
1,2022-01-03,Milan,Italy,1,competitive,0,0,0,106061,69391,10575,24.26,0.612,0.0352,2.77,1.23,2598645.0,1.0055
2,2022-01-10,Milan,Italy,1,competitive,0,0,0,110013,68824,9428,24.55,0.593,0.0335,2.77,1.28,2727248.0,1.002
3,2022-01-17,Milan,Italy,1,competitive,0,0,0,101359,66496,9112,24.07,0.596,0.0305,3.0,1.19,2463450.0,1.0084
4,2022-01-24,Milan,Italy,1,competitive,0,0,0,104200,66399,10630,23.96,0.603,0.0446,2.8,1.36,2523723.0,1.0222
5,2022-01-31,Milan,Italy,1,competitive,0,0,0,98158,64005,8300,24.22,0.616,0.0443,2.83,1.23,2401005.0,1.0119
6,2022-02-07,Milan,Italy,1,competitive,0,0,0,99696,65435,7856,24.29,0.581,0.0331,2.75,1.27,2446547.0,1.0051
7,2022-02-14,Milan,Italy,1,competitive,0,0,0,105035,68484,9058,24.85,0.604,0.0371,2.74,1.33,2637445.0,1.0207
8,2022-02-21,Milan,Italy,1,competitive,0,0,0,111033,68002,10075,23.44,0.614,0.0306,2.61,1.25,2628114.0,1.0219
9,2022-02-28,Milan,Italy,1,competitive,0,0,0,103415,67685,11507,24.27,0.613,0.034,2.7,1.14,2533030.0,1.0091
10,2022-03-07,Milan,Italy,1,competitive,0,0,0,100984,65500,10828,24.24,0.593,0.0219,2.96,1.08,2469074.0,1.0119
11,2022-03-14,Milan,Italy,1,competitive,0,0,0,103845,65389,9577,24.85,0.623,0.0366,2.92,1.21,2604284.0,1.0026
12,2022-03-21,Milan,Italy,1,competitive,0,0,0,101513,67295,9325,24.47,0.594,0.0443,2.74,1.3,2510268.0,0.9966
13,2022-03-28,Milan,Italy,1,competitive,0,0,0,108466,69058,11409,24.12,0.614,0.0358,2.96,1.23,2641682.0,1.0004
14,2022-04-04,Milan,Italy,1,competitive,0,0,0,109909,68632,9731,24.28,0.599,0.0447,2.99,1.16,2692474.0,0.9792
15,2022-04-11,Milan,Italy,1,competitive,0,0,0,108044,68640,8940,24.35,0.603,0.034,2.97,1.13,2654140.0,0.9675
16,2022-04-18,Milan,Italy,1,competitive,0,0,0,110659,70794,10009,23.83,0.589,0.0337,2.88,1.32,2665038.0,0.9727
17,2022-04-25,Milan,Italy,1,competitive,0,0,0,103823,66893,11710,24.65,0.607,0.0361,2.6,1.17,2582716.0,0.9711
18,2022-05-02,Milan,Italy,1,competitive,0,0,0,106919,66202,10185,24.12,0.583,0.0537,2.94,1.2,2602719.0,0.9847
19,2022-05-09,Milan,Italy,1,competitive,0,0,0,98091,66043,10449,23.8,0.595,0.0314,2.83,1.25,2359332.0,0.9801
20,2022-05-16,Milan,Italy,1,competitive,0,0,0,96750,62455,8167,24.83,0.599,0.0421,3.03,1.32,2427035.0,0.9132
21,2022-05-23,Milan,Italy,1,competitive,0,0,0,99872,67490,11326,24.45,0.598,0.0288,2.66,1.09,2463940.0,0.9677
22,2022-05-30,Milan,Italy,1,competitive,0,0,0,102977,71883,11138,24.65,0.609,0.018,3.21,1.18,2563830.0,0.996
23,2022-06-06,Milan,Italy,1,competitive,0,0,0,105485,68588,10886,23.82,0.591,0.0383,3.0,1.24,2538167.0,0.9981
24,2022-06-13,Milan,Italy,1,competitive,0,0,0,106306,69372,11908,24.04,0.6,0.0413,2.76,1.3,2582651.0,0.9831
25,2022-06-20,Milan,Italy,1,competitive,0,0,0,103621,67766,8816,24.24,0.594,0.0313,2.71,1.2,2536169.0,0.983
26,2022-06-27,Milan,Italy,1,competitive,0,0,0,104110,69178,10168,24.06,0.611,0.0253,2.9,1.14,2528545.0,0.9902
27,2022-07-04,Milan,Italy,1,competitive,0,0,0,99195,67703,12275,24.11,0.611,0.053,2.78,1.29,2417793.0,0.981
28,2022-07-11,Milan,Italy,1,competitive,0,0,0,95051,69223,8805,24.33,0.602,0.0382,2.91,1.26,2338757.0,0.9918
29,2022-07-18,Milan,Italy,1,competitive,0,0,0,97441,64590,9191,23.74,0.6,0.0326,2.95,1.1,2334564.0,0.988
30,2022-07-25,Milan,Italy,1,competitive,0,0,0,92099,60169,10930,24.35,0.595,0.0302,2.91,1.17,2263730.0,0.989
31,2022-08-01,Milan,Italy,1,competitive,0,0,0,90027,61323,9167,24.78,0.611,0.0411,2.79,1.13,2251658.0,0.9862
32,2022-08-08,Milan,Italy,1,competitive,0,0,0,96900,62472,8035,23.9,0.609,0.041,2.88,1.23,2338962.0,1.0114
33,2022-08-15,Milan,Italy,1,competitive,0,0,0,102720,64106,7754,23.65,0.614,0.033,2.72,1.14,2451252.0,1.0073
34,2022-08-22,Milan,Italy,1,competitive,0,0,0,104437,64799,9790,24.41,0.591,0.0273,2.56,1.3,2574579.0,0.9931
35,2022-08-29,Milan,Italy,1,competitive,0,0,0,104976,68675,9687,25.24,0.601,0.0332,2.91,1.24,2675141.0,1.0046
36,2022-09-05,Milan,Italy,1,competitive,0,0,0,98153,63900,11054,24.2,0.597,0.0292,3.02,1.15,2397348.0,0.9895
37,2022-09-12,Milan,Italy,1,competitive,0,0,0,101574,66620,9106,23.74,0.603,0.0479,2.73,1.26,2436549.0,0.9955
38,2022-09-19,Milan,Italy,1,competitive,0,0,0,96351,65177,9214,24.79,0.603,0.0334,2.72,1.09,2409854.0,0.9755
39,2022-09-26,Milan,Italy,1,competitive,0,0,0,94502,62194,10895,23.81,0.593,0.0394,2.7,1.17,2271923.0,0.9695
40,2022-10-03,Milan,Italy,1,competitive,0,0,0,96303,63669,10856,24.03,0.605,0.0484,2.67,1.28,2338610.0,0.9823
41,2022-10-10,Milan,Italy,1,competitive,0,0,0,103786,65579,10591,23.87,0.591,0.028,2.93,1.17,2500390.0,0.9966
42,2022-10-17,Milan,Italy,1,competitive,0,0,0,101931,66687,11095,23.84,0.59,0.0289,2.93,1.2,2454042.0,0.9997
43,2022-10-24,Milan,Italy,1,competitive,0,0,0,106342,65025,10949,24.26,0.601,0.0357,2.74,1.16,2602486.0,0.9985
44,2022-10-31,Milan,Italy,1,competitive,0,0,0,105251,63697,11018,24.33,0.577,0.0316,2.67,1.22,2584070.0,0.9957
45,2022-11-07,Milan,Italy,1,competitive,0,0,0,103144,63978,10984,24.05,0.606,0.0415,2.83,1.16,2502878.0,0.981
46,2022-11-14,Milan,Italy,1,competitive,0,0,0,102580,64844,10754,24.3,0.594,0.0407,3.25,1.29,2517789.0,0.9797
47,2022-11-21,Milan,Italy,1,competitive,0,0,0,91880,63106,10598,23.83,0.604,0.0342,2.74,1.25,2213165.0,0.9817
48,2022-11-28,Milan,Italy,1,competitive,0,0,0,100017,65008,10569,24.44,0.596,0.0319,2.82,1.26,2468989.0,0.9998
49,2022-12-05,Milan,Italy,1,competitive,0,0,0,108944,70988,10940,24.23,0.612,0.0382,2.83,1.17,2664630.0,1.0036
50,2022-12-12,Milan,Italy,1,competitive,0,0,0,108525,70490,11653,23.56,0.602,0.0363,2.83,1.16,2581380.0,0.983
51,2022-12-19,Milan,Italy,1,competitive,0,0,0,112733,70643,10988,23.61,0.606,0.0373,2.77,1.22,2687481.0,0.9925
52,2022-12-26,Milan,Italy,1,competitive,0,0,0,108040,75047,10750,23.89,0.586,0.036,2.75,1.21,2608318.0,0.9909
53,2023-01-02,Milan,Italy,1,competitive,0,0,0,106424,68284,10236,24.29,0.594,0.0375,2.82,1.06,2606753.0,0.9866
54,2023-01-09,Milan,Italy,1,competitive,0,0,0,115070,69720,11702,24.35,0.583,0.0409,3.03,1.19,2826845.0,0.998
55,2023-01-16,Milan,Italy,1,competitive,0,0,0,96520,64786,9405,24.51,0.594,0.0472,2.71,1.21,2389223.0,0.9697
56,2023-01-23,Milan,Italy,1,competitive,0,0,0,106426,67534,10624,24.08,0.625,0.0305,2.93,1.15,2586037.0,1.0168
57,2023-01-30,Milan,Italy,1,competitive,0,0,0,104898,65189,8369,24.23,0.601,0.0318,2.89,1.12,2563582.0,1.0017
58,2023-02-06,Milan,Italy,1,competitive,0,0,0,106926,66303,9102,24.21,0.59,0.0367,2.99,1.24,2613343.0,0.9977
59,2023-02-13,Milan,Italy,1,competitive,0,0,0,105703,69521,11736,24.55,0.587,0.0421,2.72,1.22,2620453.0,1.0021
60,2023-02-20,Milan,Italy,1,competitive,0,0,0,104598,69511,10851,24.31,0.613,0.0305,2.65,1.29,2569678.0,1.0121
61,2023-02-27,Milan,Italy,1,competitive,0,0,0,103432,67910,11972,24.35,0.618,0.0341,2.9,1.12,2541387.0,1.0026
62,2023-03-06,Milan,Italy,1,competitive,0,0,0,108112,69112,11355,24.04,0.6,0.0213,3.1,1.27,2625344.0,0.9997
63,2023-03-13,Milan,Italy,1,competitive,0,0,0,103519,69309,9722,24.19,0.604,0.0538,2.97,1.4,2533234.0,0.9876
64,2023-03-20,Milan,Italy,1,competitive,0,0,0,110407,68435,10816,24.09,0.622,0.0374,2.73,1.25,2685368.0,0.9788
65,2023-03-27,Milan,Italy,1,competitive,0,0,0,106158,68069,8687,23.99,0.572,0.0341,2.84,1.28,2572869.0,0.9951
66,2023-04-03,Milan,Italy,1,competitive,0,0,0,117087,76431,11522,23.96,0.588,0.0272,3.1,1.21,2833149.0,1.0118
67,2023-04-10,Milan,Italy,1,competitive,0,0,0,117611,75460,9965,23.71,0.587,0.0403,2.69,1.22,2816175.0,1.0069
68,2023-04-17,Milan,Italy,1,competitive,0,0,0,111843,75645,9892,23.79,0.595,0.0295,2.93,1.25,2689112.0,1.0155
69,2023-04-24,Milan,Italy,1,competitive,0,0,0,111203,71254,10908,24.32,0.577,0.0333,2.9,1.19,2729895.0,1.014
70,2023-05-01,Milan,Italy,1,competitive,0,0,0,117514,70871,10955,24.85,0.619,0.0363,2.92,1.23,2946374.0,1.002
71,2023-05-08,Milan,Italy,1,competitive,0,0,0,108054,71281,11806,24.66,0.607,0.018,2.72,1.24,2691128.0,1.0053
72,2023-05-15,Milan,Italy,1,competitive,0,0,0,113042,73249,9670,24.79,0.614,0.0319,2.78,1.11,2826703.0,1.0204
73,2023-05-22,Milan,Italy,1,competitive,0,0,0,113549,74311,10903,24.46,0.608,0.0371,2.82,1.2,2804160.0,1.0128
74,2023-05-29,Milan,Italy,1,competitive,0,0,0,115416,71912,8943,24.06,0.603,0.042,2.86,1.14,2801503.0,1.0256
75,2023-06-05,Milan,Italy,1,competitive,0,0,0,111432,71912,9503,24.44,0.609,0.0367,2.74,1.32,2751875.0,0.9878
76,2023-06-12,Milan,Italy,1,competitive,0,0,0,110905,70739,13008,24.69,0.598,0.0324,2.76,1.09,2761376.0,1.0011
77,2023-06-19,Milan,Italy,1,competitive,0,0,0,110871,71533,10302,24.88,0.589,0.0413,2.92,1.2,2784222.0,1.0017
78,2023-06-26,Milan,Italy,1,competitive,0,1,0,104751,69387,9651,23.97,0.6,0.0301,2.81,1.11,2533987.0,0.9978
79,2023-07-03,Milan,Italy,1,competitive,0,1,0,108861,71221,12570,24.97,0.625,0.0432,2.64,1.25,2744967.0,0.9996
80,2023-07-10,Milan,Italy,1,competitive,0,1,0,101437,66003,11397,23.85,0.589,0.0342,3.07,1.2,2443034.0,0.9779
81,2023-07-17,Milan,Italy,1,competitive,0,1,0,102091,64542,11259,23.76,0.601,0.0352,3.04,1.21,2449111.0,0.9832
82,2023-07-24,Milan,Italy,1,competitive,0,1,0,93301,65046,9191,23.71,0.596,0.0368,2.49,1.24,2236364.0,0.993
83,2023-07-31,Milan,Italy,1,competitive,0,1,0,100760,64510,10885,24.42,0.59,0.0323,2.85,1.27,2485138.0,1.0117
84,2023-08-07,Milan,Italy,1,competitive,0,1,0,97342,64365,9859,23.74,0.614,0.0351,2.66,1.12,2332526.0,1.0019
85,2023-08-14,Milan,Italy,1,competitive,0,1,0,96962,62772,8744,24.09,0.594,0.0327,2.82,1.28,2359919.0,0.9923
86,2023-08-21,Milan,Italy,1,competitive,0,1,0,105473,67139,11837,24.6,0.647,0.0399,3.03,1.2,2618806.0,0.9895
87,2023-08-28,Milan,Italy,1,competitive,0,1,0,104636,68479,8565,24.62,0.597,0.0349,2.91,1.23,2601407.0,1.0032
88,2023-09-04,Milan,Italy,1,competitive,0,1,0,99959,70499,10681,24.31,0.602,0.0365,2.65,1.15,2454325.0,1.0057
89,2023-09-11,Milan,Italy,1,competitive,0,1,0,104026,67196,11217,23.97,0.594,0.0378,2.8,1.23,2518299.0,0.9979
90,2023-09-18,Milan,Italy,1,competitive,0,1,0,112961,67398,10385,24.29,0.597,0.046,2.73,1.17,2767479.0,1.0043
91,2023-09-25,Milan,Italy,1,competitive,0,1,0,103884,69870,11850,24.44,0.609,0.0369,2.66,1.11,2562192.0,1.0038
92,2023-10-02,Milan,Italy,1,competitive,0,1,0,106923,67414,10272,24.3,0.63,0.0417,2.87,1.12,2620880.0,1.0132
93,2023-10-09,Milan,Italy,1,competitive,0,1,0,104009,67582,10681,24.87,0.602,0.0397,2.81,1.16,2610222.0,1.0008
94,2023-10-16,Milan,Italy,1,competitive,0,1,0,105686,66481,10144,24.05,0.607,0.0429,2.69,1.3,2567676.0,0.9969
95,2023-10-23,Milan,Italy,1,competitive,0,1,0,99564,65865,11000,23.22,0.615,0.0306,2.83,1.21,2335785.0,0.9937
96,2023-10-30,Milan,Italy,1,competitive,0,1,0,96047,66027,8989,24.06,0.601,0.0399,2.73,1.23,2335255.0,0.9798
97,2023-11-06,Milan,Italy,1,competitive,0,1,0,101561,64126,9636,23.89,0.611,0.0348,2.58,1.2,2449378.0,0.9901
98,2023-11-13,Milan,Italy,1,competitive,0,1,0,103825,66896,10096,24.45,0.599,0.046,3.11,1.12,2560998.0,0.9965
99,2023-11-20,Milan,Italy,1,competitive,0,1,0,100836,65874,9058,24.17,0.611,0.019,2.76,1.22,2461316.0,0.9978
100,2023-11-27,Milan,Italy,1,competitive,0,1,0,101964,66557,11158,24.6,0.603,0.027,2.99,1.21,2532475.0,0.996
101,2023-12-04,Milan,Italy,1,competitive,0,1,0,102739,71527,8469,24.08,0.595,0.034,3.03,1.2,2499705.0,0.9818
102,2023-12-11,Milan,Italy,1,competitive,0,1,0,110986,72291,9203,24.15,0.603,0.0317,2.71,1.21,2706554.0,0.9835
103,2023-12-18,Milan,Italy,1,competitive,0,1,0,112986,73618,8753,24.7,0.588,0.036,2.65,1.3,2819465.0,0.9855
104,2023-12-25,Milan,Italy,1,competitive,0,1,0,111569,76418,13104,24.58,0.594,0.045,2.95,1.13,2768272.0,0.9818
1,2022-01-03,Lisbon,Portugal,2,competitive,0,0,0,37081,23545,3196,21.4,0.617,0.0471,2.7,1.59,804764.0,1.0055
2,2022-01-10,Lisbon,Portugal,2,competitive,0,0,0,38422,23992,3217,21.77,0.637,0.04,2.84,1.4,846524.0,1.002
3,2022-01-17,Lisbon,Portugal,2,competitive,0,0,0,34337,22855,4048,21.95,0.649,0.0522,2.94,1.43,763502.0,1.0084
4,2022-01-24,Lisbon,Portugal,2,competitive,0,0,0,37950,23270,3886,21.42,0.651,0.0341,2.72,1.66,824477.0,1.0222
5,2022-01-31,Lisbon,Portugal,2,competitive,0,0,0,35805,23265,3607,21.3,0.633,0.0421,2.59,1.52,773255.0,1.0119
6,2022-02-07,Lisbon,Portugal,2,competitive,0,0,0,35314,23138,3382,21.08,0.665,0.0373,2.7,1.52,754970.0,1.0051
7,2022-02-14,Lisbon,Portugal,2,competitive,0,0,0,37970,25519,3438,21.6,0.628,0.0436,2.86,1.52,831789.0,1.0207
8,2022-02-21,Lisbon,Portugal,2,competitive,0,0,0,35785,24620,3213,21.35,0.64,0.0438,2.85,1.52,775236.0,1.0219
9,2022-02-28,Lisbon,Portugal,2,competitive,0,0,0,35697,24356,3962,20.97,0.654,0.0296,2.83,1.51,759599.0,1.0091
10,2022-03-07,Lisbon,Portugal,2,competitive,0,0,0,36909,24779,3863,21.8,0.643,0.048,2.71,1.57,816287.0,1.0119
11,2022-03-14,Lisbon,Portugal,2,competitive,0,0,0,37110,23740,3888,21.41,0.65,0.04,2.72,1.59,805849.0,1.0026
12,2022-03-21,Lisbon,Portugal,2,competitive,0,0,0,37430,24113,4152,22.08,0.646,0.0381,3.1,1.42,836727.0,0.9966
13,2022-03-28,Lisbon,Portugal,2,competitive,0,0,0,37861,24471,3972,21.33,0.645,0.0329,2.36,1.4,817853.0,1.0004
14,2022-04-04,Lisbon,Portugal,2,competitive,0,0,0,39865,24749,3002,21.71,0.643,0.0445,2.79,1.59,877274.0,0.9792
15,2022-04-11,Lisbon,Portugal,2,competitive,0,0,0,37823,24723,4135,21.17,0.627,0.0402,2.78,1.51,811912.0,0.9675
16,2022-04-18,Lisbon,Portugal,2,competitive,0,0,0,39693,24503,3597,21.38,0.613,0.0498,2.82,1.62,860545.0,0.9727
17,2022-04-25,Lisbon,Portugal,2,competitive,0,0,0,37241,23081,3086,21.59,0.631,0.0314,3.0,1.49,814350.0,0.9711
18,2022-05-02,Lisbon,Portugal,2,competitive,0,0,0,38470,24719,4125,21.94,0.634,0.0456,2.79,1.38,854265.0,0.9847
19,2022-05-09,Lisbon,Portugal,2,competitive,0,0,0,36818,24949,3120,21.7,0.641,0.035,2.83,1.51,810252.0,0.9801
20,2022-05-16,Lisbon,Portugal,2,competitive,0,0,0,34273,22199,3041,20.99,0.649,0.0549,2.7,1.54,729646.0,0.9132
21,2022-05-23,Lisbon,Portugal,2,competitive,0,0,0,36386,23483,2981,21.14,0.632,0.0281,2.69,1.36,778781.0,0.9677
22,2022-05-30,Lisbon,Portugal,2,competitive,0,0,0,40929,25283,3663,21.41,0.639,0.0404,2.79,1.42,887060.0,0.996
23,2022-06-06,Lisbon,Portugal,2,competitive,0,0,0,40292,24971,3069,21.61,0.639,0.0418,2.8,1.49,881872.0,0.9981
24,2022-06-13,Lisbon,Portugal,2,competitive,0,0,0,39412,23591,4269,21.29,0.616,0.0325,2.84,1.63,850617.0,0.9831
25,2022-06-20,Lisbon,Portugal,2,competitive,0,0,0,36354,23953,3359,21.33,0.629,0.0438,2.72,1.46,785922.0,0.983
26,2022-06-27,Lisbon,Portugal,2,competitive,0,0,0,37006,24762,3636,21.72,0.629,0.0487,2.9,1.52,815062.0,0.9902
27,2022-07-04,Lisbon,Portugal,2,competitive,0,0,0,35284,24637,3040,21.57,0.651,0.0344,2.89,1.49,772089.0,0.981
28,2022-07-11,Lisbon,Portugal,2,competitive,0,0,0,35558,23583,2980,21.5,0.671,0.0351,2.88,1.47,774897.0,0.9918
29,2022-07-18,Lisbon,Portugal,2,competitive,0,0,0,35529,22954,3431,21.6,0.666,0.0507,2.81,1.56,778169.0,0.988
30,2022-07-25,Lisbon,Portugal,2,competitive,0,0,0,32819,23081,3232,21.43,0.63,0.0412,2.83,1.38,712867.0,0.989
31,2022-08-01,Lisbon,Portugal,2,competitive,0,0,0,31314,21893,2680,21.28,0.637,0.041,2.7,1.41,675623.0,0.9862
32,2022-08-08,Lisbon,Portugal,2,competitive,0,0,0,38231,22668,2889,20.99,0.659,0.0377,2.43,1.56,813077.0,1.0114
33,2022-08-15,Lisbon,Portugal,2,competitive,0,0,0,32705,22405,3274,21.58,0.656,0.0431,3.03,1.44,715453.0,1.0073
34,2022-08-22,Lisbon,Portugal,2,competitive,0,0,0,33821,23484,3313,21.0,0.653,0.0453,2.65,1.54,721091.0,0.9931
35,2022-08-29,Lisbon,Portugal,2,competitive,0,0,0,37143,24348,4004,22.17,0.642,0.0348,2.64,1.44,833979.0,1.0046
36,2022-09-05,Lisbon,Portugal,2,competitive,0,0,0,38894,23868,2929,20.94,0.642,0.0268,2.75,1.64,826183.0,0.9895
37,2022-09-12,Lisbon,Portugal,2,competitive,0,0,0,37646,24189,3175,21.05,0.631,0.0447,2.78,1.58,803914.0,0.9955
38,2022-09-19,Lisbon,Portugal,2,competitive,0,0,0,33725,23046,3986,21.07,0.636,0.0445,2.75,1.4,720265.0,0.9755
39,2022-09-26,Lisbon,Portugal,2,competitive,0,0,0,33740,23653,4035,22.19,0.666,0.0275,2.79,1.5,759334.0,0.9695
40,2022-10-03,Lisbon,Portugal,2,competitive,0,0,0,34314,22982,2979,21.66,0.677,0.0439,2.66,1.43,753101.0,0.9823
41,2022-10-10,Lisbon,Portugal,2,competitive,0,0,0,35652,24204,4185,20.96,0.625,0.0389,2.95,1.52,758303.0,0.9966
42,2022-10-17,Lisbon,Portugal,2,competitive,0,0,0,36585,24650,3892,21.23,0.631,0.028,2.84,1.56,788236.0,0.9997
43,2022-10-24,Lisbon,Portugal,2,competitive,0,0,0,35865,23915,3846,21.82,0.649,0.0371,2.96,1.48,793193.0,0.9985
44,2022-10-31,Lisbon,Portugal,2,competitive,0,0,0,33481,23719,4144,21.52,0.635,0.0346,2.84,1.45,730829.0,0.9957
45,2022-11-07,Lisbon,Portugal,2,competitive,0,0,0,35777,23043,3464,21.53,0.633,0.0249,2.77,1.52,780786.0,0.981
46,2022-11-14,Lisbon,Portugal,2,competitive,0,0,0,35665,23187,3249,22.0,0.645,0.0394,2.71,1.49,794995.0,0.9797
47,2022-11-21,Lisbon,Portugal,2,competitive,0,0,0,34257,22951,3153,21.77,0.647,0.038,3.0,1.55,756447.0,0.9817
48,2022-11-28,Lisbon,Portugal,2,competitive,0,0,0,35342,23624,3847,21.89,0.634,0.0434,2.77,1.45,783913.0,0.9998
49,2022-12-05,Lisbon,Portugal,2,competitive,0,0,0,40296,25996,4298,21.08,0.638,0.0501,2.67,1.49,861060.0,1.0036
50,2022-12-12,Lisbon,Portugal,2,competitive,0,0,0,40500,26442,3356,21.45,0.606,0.0429,3.03,1.4,879831.0,0.983
51,2022-12-19,Lisbon,Portugal,2,competitive,0,0,0,39999,26901,4134,21.51,0.617,0.0461,2.72,1.46,872161.0,0.9925
52,2022-12-26,Lisbon,Portugal,2,competitive,0,0,0,42114,26582,4243,21.82,0.634,0.0493,2.66,1.5,930889.0,0.9909
53,2023-01-02,Lisbon,Portugal,2,competitive,0,0,0,39776,25251,3266,21.83,0.645,0.0388,2.62,1.45,879294.0,0.9866
54,2023-01-09,Lisbon,Portugal,2,competitive,0,0,0,37413,25382,4316,21.22,0.642,0.0329,2.53,1.47,805097.0,0.998
55,2023-01-16,Lisbon,Portugal,2,competitive,0,0,0,35217,23544,2980,20.71,0.663,0.0256,2.83,1.63,740857.0,0.9697
56,2023-01-23,Lisbon,Portugal,2,competitive,0,0,0,36304,24864,4198,21.49,0.606,0.0325,2.79,1.44,790914.0,1.0168
57,2023-01-30,Lisbon,Portugal,2,competitive,0,0,0,37636,24888,4042,20.6,0.65,0.0551,2.66,1.7,787994.0,1.0017
58,2023-02-06,Lisbon,Portugal,2,competitive,0,0,0,36638,24001,2848,21.78,0.658,0.0473,2.84,1.5,808776.0,0.9977
59,2023-02-13,Lisbon,Portugal,2,competitive,0,0,0,40414,26036,3873,21.37,0.627,0.0387,2.72,1.45,874973.0,1.0021
60,2023-02-20,Lisbon,Portugal,2,competitive,0,0,0,39918,24965,3209,21.71,0.652,0.0379,2.59,1.5,877854.0,1.0121
61,2023-02-27,Lisbon,Portugal,2,competitive,0,0,0,37068,24887,3061,21.19,0.671,0.0512,2.67,1.67,797939.0,1.0026
62,2023-03-06,Lisbon,Portugal,2,competitive,0,0,0,40971,25332,4356,20.86,0.641,0.0395,2.91,1.41,865370.0,0.9997
63,2023-03-13,Lisbon,Portugal,2,competitive,0,0,0,37959,25212,3818,21.85,0.617,0.0431,2.81,1.51,840825.0,0.9876
64,2023-03-20,Lisbon,Portugal,2,competitive,0,0,0,37750,24972,4252,21.3,0.644,0.0364,2.48,1.54,815612.0,0.9788
65,2023-03-27,Lisbon,Portugal,2,competitive,0,0,0,40600,25607,3443,21.04,0.63,0.0334,2.95,1.55,866131.0,0.9951
66,2023-04-03,Lisbon,Portugal,2,competitive,0,0,0,43501,27624,4429,21.9,0.641,0.0508,2.8,1.56,965600.0,1.0118
67,2023-04-10,Lisbon,Portugal,2,competitive,0,0,0,40924,27037,3670,21.73,0.641,0.0387,2.77,1.59,902175.0,1.0069
68,2023-04-17,Lisbon,Portugal,2,competitive,0,0,0,41721,28174,4121,21.44,0.627,0.0346,2.74,1.46,906838.0,1.0155
69,2023-04-24,Lisbon,Portugal,2,competitive,0,0,0,40454,26625,3893,21.8,0.658,0.0486,2.58,1.44,893399.0,1.014
70,2023-05-01,Lisbon,Portugal,2,competitive,0,0,0,39677,27068,3828,21.74,0.639,0.0237,2.92,1.6,875571.0,1.002
71,2023-05-08,Lisbon,Portugal,2,competitive,0,0,0,39199,26433,4244,21.18,0.64,0.0291,2.84,1.54,842447.0,1.0053
72,2023-05-15,Lisbon,Portugal,2,competitive,0,0,0,40781,26436,4039,21.22,0.662,0.0495,3.01,1.51,877348.0,1.0204
73,2023-05-22,Lisbon,Portugal,2,competitive,0,0,0,40306,26863,4520,22.11,0.627,0.0363,2.68,1.58,903899.0,1.0128
74,2023-05-29,Lisbon,Portugal,2,competitive,0,0,0,40775,28568,5034,21.35,0.635,0.0397,2.99,1.51,883488.0,1.0256
75,2023-06-05,Lisbon,Portugal,2,competitive,0,0,0,40837,25992,4207,21.36,0.656,0.0501,2.89,1.38,883039.0,0.9878
76,2023-06-12,Lisbon,Portugal,2,competitive,0,0,0,39631,26776,3237,21.7,0.612,0.0392,3.14,1.41,871319.0,1.0011
77,2023-06-19,Lisbon,Portugal,2,competitive,0,0,0,40070,26854,4311,21.06,0.623,0.0435,2.78,1.58,856603.0,1.0017
78,2023-06-26,Lisbon,Portugal,2,competitive,0,1,0,39994,26461,3286,21.11,0.621,0.0496,2.7,1.67,857530.0,0.9978
79,2023-07-03,Lisbon,Portugal,2,competitive,0,1,0,40680,26697,4568,21.28,0.656,0.0521,2.77,1.53,877924.0,0.9996
80,2023-07-10,Lisbon,Portugal,2,competitive,0,1,0,36564,24222,3984,21.11,0.648,0.0279,2.98,1.56,783202.0,0.9779
81,2023-07-17,Lisbon,Portugal,2,competitive,0,1,0,37445,23967,3933,21.38,0.674,0.0362,2.83,1.5,811359.0,0.9832
82,2023-07-24,Lisbon,Portugal,2,competitive,0,1,0,33158,22825,3362,21.58,0.652,0.0368,2.79,1.36,724862.0,0.993
83,2023-07-31,Lisbon,Portugal,2,competitive,0,1,0,37481,22866,3186,21.16,0.654,0.057,2.75,1.47,803182.0,1.0117
84,2023-08-07,Lisbon,Portugal,2,competitive,0,1,0,36367,23337,3665,21.5,0.65,0.0312,3.01,1.44,791972.0,1.0019
85,2023-08-14,Lisbon,Portugal,2,competitive,0,1,0,38408,23792,2946,21.46,0.657,0.0481,2.86,1.47,834728.0,0.9923
86,2023-08-21,Lisbon,Portugal,2,competitive,0,1,0,38976,24459,3345,21.44,0.642,0.0328,2.95,1.57,847166.0,0.9895
87,2023-08-28,Lisbon,Portugal,2,competitive,0,1,0,38971,25491,3218,21.34,0.632,0.0262,2.55,1.44,842653.0,1.0032
88,2023-09-04,Lisbon,Portugal,2,competitive,0,1,0,37152,25809,3631,21.75,0.632,0.0423,2.86,1.51,819747.0,1.0057
89,2023-09-11,Lisbon,Portugal,2,competitive,0,1,0,37833,25237,3118,21.55,0.627,0.0477,2.91,1.42,826052.0,0.9979
90,2023-09-18,Lisbon,Portugal,2,competitive,0,1,0,39555,25535,3388,21.47,0.633,0.0592,2.78,1.44,860277.0,1.0043
91,2023-09-25,Lisbon,Portugal,2,competitive,0,1,0,38946,25434,4375,21.78,0.622,0.0491,2.88,1.51,859765.0,1.0038
92,2023-10-02,Lisbon,Portugal,2,competitive,0,1,0,39744,25998,4565,21.8,0.639,0.0445,2.79,1.53,878352.0,1.0132
93,2023-10-09,Lisbon,Portugal,2,competitive,0,1,0,36640,24878,4022,21.89,0.649,0.0409,2.68,1.64,814290.0,1.0008
94,2023-10-16,Lisbon,Portugal,2,competitive,0,1,0,37167,24787,2905,21.47,0.655,0.0242,2.78,1.43,808609.0,0.9969
95,2023-10-23,Lisbon,Portugal,2,competitive,0,1,0,39095,24881,3746,21.03,0.653,0.0476,2.56,1.47,833140.0,0.9937
96,2023-10-30,Lisbon,Portugal,2,competitive,0,1,0,38305,24473,3771,21.32,0.626,0.0324,2.79,1.44,827235.0,0.9798
97,2023-11-06,Lisbon,Portugal,2,competitive,0,1,0,36817,24012,4295,21.44,0.624,0.0402,2.8,1.5,800162.0,0.9901
98,2023-11-13,Lisbon,Portugal,2,competitive,0,1,0,37822,24798,3331,21.48,0.654,0.0439,2.71,1.46,823278.0,0.9965
99,2023-11-20,Lisbon,Portugal,2,competitive,0,1,0,37412,24642,4251,21.75,0.644,0.0245,3.04,1.47,824578.0,0.9978
100,2023-11-27,Lisbon,Portugal,2,competitive,0,1,0,38129,24542,3969,21.23,0.653,0.0444,2.66,1.53,820743.0,0.996
101,2023-12-04,Lisbon,Portugal,2,competitive,0,1,0,38048,26672,3560,21.74,0.637,0.0365,2.83,1.49,839086.0,0.9818
102,2023-12-11,Lisbon,Portugal,2,competitive,0,1,0,41090,27238,4031,21.82,0.606,0.0383,2.73,1.48,908677.0,0.9835
103,2023-12-18,Lisbon,Portugal,2,competitive,0,1,0,41128,27459,3589,21.26,0.628,0.0392,2.79,1.41,885996.0,0.9855
104,2023-12-25,Lisbon,Portugal,2,competitive,0,1,0,43320,28310,5260,21.24,0.617,0.0347,2.88,1.55,933281.0,0.9818
1,2022-01-03,Porto,Portugal,2,competitive,0,0,0,22480,15141,2320,20.02,0.638,0.042,2.85,1.55,457090.0,1.0055
2,2022-01-10,Porto,Portugal,2,competitive,0,0,0,22986,15028,1973,20.43,0.63,0.0455,2.77,1.56,476637.0,1.002
3,2022-01-17,Porto,Portugal,2,competitive,0,0,0,20506,13733,2407,19.75,0.622,0.0492,2.84,1.44,410926.0,1.0084
4,2022-01-24,Porto,Portugal,2,competitive,0,0,0,21380,14544,2306,20.63,0.619,0.0543,2.76,1.6,448051.0,1.0222
5,2022-01-31,Porto,Portugal,2,competitive,0,0,0,19974,13972,2109,20.33,0.646,0.0577,2.67,1.62,412862.0,1.0119
6,2022-02-07,Porto,Portugal,2,competitive,0,0,0,22004,13863,2043,20.07,0.651,0.0386,2.91,1.47,447734.0,1.0051
7,2022-02-14,Porto,Portugal,2,competitive,0,0,0,20418,14803,2056,20.31,0.652,0.0434,2.62,1.64,421973.0,1.0207
8,2022-02-21,Porto,Portugal,2,competitive,0,0,0,21153,14315,2321,20.33,0.659,0.0475,2.75,1.46,436310.0,1.0219
9,2022-02-28,Porto,Portugal,2,competitive,0,0,0,20997,14274,1710,20.06,0.634,0.0484,2.75,1.52,427709.0,1.0091
10,2022-03-07,Porto,Portugal,2,competitive,0,0,0,21904,14510,2063,20.56,0.633,0.0343,2.89,1.54,457050.0,1.0119
11,2022-03-14,Porto,Portugal,2,competitive,0,0,0,21682,14079,2176,20.09,0.651,0.0455,2.6,1.48,441842.0,1.0026
12,2022-03-21,Porto,Portugal,2,competitive,0,0,0,22411,14612,2481,20.64,0.626,0.0407,2.67,1.45,468919.0,0.9966
13,2022-03-28,Porto,Portugal,2,competitive,0,0,0,20948,15109,2259,19.73,0.651,0.0345,2.85,1.46,419922.0,1.0004
14,2022-04-04,Porto,Portugal,2,competitive,0,0,0,22662,14811,2812,20.15,0.638,0.038,2.94,1.59,463704.0,0.9792
15,2022-04-11,Porto,Portugal,2,competitive,0,0,0,22460,14900,2510,20.0,0.657,0.0417,2.76,1.46,455726.0,0.9675
16,2022-04-18,Porto,Portugal,2,competitive,0,0,0,23745,15385,2509,20.33,0.647,0.0378,2.89,1.44,489382.0,0.9727
17,2022-04-25,Porto,Portugal,2,competitive,0,0,0,21947,13789,2210,21.07,0.637,0.0512,2.74,1.52,468711.0,0.9711
18,2022-05-02,Porto,Portugal,2,competitive,0,0,0,21631,14771,1806,19.71,0.629,0.0383,2.74,1.6,433437.0,0.9847
19,2022-05-09,Porto,Portugal,2,competitive,0,0,0,21237,15067,2144,20.11,0.629,0.0339,2.84,1.44,433585.0,0.9801
20,2022-05-16,Porto,Portugal,2,competitive,0,0,0,19663,13889,2010,19.76,0.63,0.0416,2.66,1.52,394874.0,0.9132
21,2022-05-23,Porto,Portugal,2,competitive,0,0,0,20443,14238,2261,20.06,0.602,0.0481,2.95,1.51,416536.0,0.9677
22,2022-05-30,Porto,Portugal,2,competitive,0,0,0,22067,14903,2480,20.35,0.639,0.04,2.67,1.53,455904.0,0.996
23,2022-06-06,Porto,Portugal,2,competitive,0,0,0,23595,15083,2527,20.12,0.646,0.0452,2.9,1.47,481383.0,0.9981
24,2022-06-13,Porto,Portugal,2,competitive,0,0,0,21700,14629,2068,19.94,0.639,0.0279,2.78,1.57,439588.0,0.9831
25,2022-06-20,Porto,Portugal,2,competitive,0,0,0,22200,15016,2502,19.86,0.644,0.042,2.91,1.48,447559.0,0.983
26,2022-06-27,Porto,Portugal,2,competitive,0,0,0,23255,14422,2331,20.29,0.636,0.0418,2.77,1.56,478593.0,0.9902
27,2022-07-04,Porto,Portugal,2,competitive,0,0,0,22190,14956,2095,19.82,0.633,0.043,3.12,1.64,447164.0,0.981
28,2022-07-11,Porto,Portugal,2,competitive,0,0,0,20303,13895,1736,19.94,0.62,0.0257,2.84,1.53,411220.0,0.9918
29,2022-07-18,Porto,Portugal,2,competitive,0,0,0,20889,13633,2157,19.81,0.634,0.0405,2.8,1.44,419701.0,0.988
30,2022-07-25,Porto,Portugal,2,competitive,0,0,0,20160,12822,1627,20.46,0.649,0.0439,2.76,1.51,418282.0,0.989
31,2022-08-01,Porto,Portugal,2,competitive,0,0,0,18861,12933,1816,21.08,0.631,0.0483,3.12,1.45,403216.0,0.9862
32,2022-08-08,Porto,Portugal,2,competitive,0,0,0,19450,13813,1974,20.22,0.639,0.0477,3.14,1.5,399495.0,1.0114
33,2022-08-15,Porto,Portugal,2,competitive,0,0,0,20190,13425,1812,20.17,0.629,0.0288,2.74,1.38,412790.0,1.0073
34,2022-08-22,Porto,Portugal,2,competitive,0,0,0,21304,13622,2471,20.14,0.649,0.0514,2.9,1.44,434947.0,0.9931
35,2022-08-29,Porto,Portugal,2,competitive,0,0,0,21838,14459,1853,20.02,0.657,0.0363,2.95,1.52,443790.0,1.0046
36,2022-09-05,Porto,Portugal,2,competitive,0,0,0,21077,14164,1803,20.42,0.661,0.0437,2.81,1.51,436809.0,0.9895
37,2022-09-12,Porto,Portugal,2,competitive,0,0,0,21176,14354,1677,20.89,0.652,0.0343,2.77,1.51,448869.0,0.9955
38,2022-09-19,Porto,Portugal,2,competitive,0,0,0,21246,14164,1736,19.75,0.636,0.0427,2.68,1.42,425642.0,0.9755
39,2022-09-26,Porto,Portugal,2,competitive,0,0,0,21928,13656,2111,20.52,0.662,0.035,2.57,1.5,456108.0,0.9695
40,2022-10-03,Porto,Portugal,2,competitive,0,0,0,22384,13625,1835,19.82,0.631,0.0485,2.54,1.49,449741.0,0.9823
41,2022-10-10,Porto,Portugal,2,competitive,0,0,0,20737,14025,1942,19.86,0.64,0.0439,2.95,1.42,417811.0,0.9966
42,2022-10-17,Porto,Portugal,2,competitive,0,0,0,22110,14146,1999,20.23,0.665,0.0344,2.65,1.59,454033.0,0.9997
43,2022-10-24,Porto,Portugal,2,competitive,0,0,0,22130,14396,1882,20.43,0.658,0.0338,2.74,1.45,458378.0,0.9985
44,2022-10-31,Porto,Portugal,2,competitive,0,0,0,19773,13978,1987,20.55,0.621,0.0445,2.75,1.57,412919.0,0.9957
45,2022-11-07,Porto,Portugal,2,competitive,0,0,0,19672,14128,1918,20.47,0.641,0.0492,2.68,1.51,409086.0,0.981
46,2022-11-14,Porto,Portugal,2,competitive,0,0,0,21124,13635,2350,20.27,0.649,0.0366,2.51,1.51,434360.0,0.9797
47,2022-11-21,Porto,Portugal,2,competitive,0,0,0,21096,14022,2478,20.46,0.661,0.0461,2.9,1.7,438775.0,0.9817
48,2022-11-28,Porto,Portugal,2,competitive,0,0,0,22458,14199,1889,20.02,0.618,0.0377,2.82,1.57,456297.0,0.9998
49,2022-12-05,Porto,Portugal,2,competitive,0,0,0,22588,16239,2408,20.0,0.658,0.0439,2.65,1.51,459116.0,1.0036
50,2022-12-12,Porto,Portugal,2,competitive,0,0,0,21913,14837,2104,20.66,0.626,0.0369,2.65,1.43,459088.0,0.983
51,2022-12-19,Porto,Portugal,2,competitive,0,0,0,22122,15309,1838,19.75,0.626,0.0567,3.03,1.53,443936.0,0.9925
52,2022-12-26,Porto,Portugal,2,competitive,0,0,0,22922,16148,2798,20.06,0.65,0.0377,2.53,1.5,467082.0,0.9909
53,2023-01-02,Porto,Portugal,2,competitive,0,0,0,23433,15231,2364,20.39,0.632,0.0316,2.74,1.39,484150.0,0.9866
54,2023-01-09,Porto,Portugal,2,competitive,0,0,0,22945,15552,2894,20.33,0.655,0.0417,2.89,1.5,473470.0,0.998
55,2023-01-16,Porto,Portugal,2,competitive,0,0,0,20870,14658,2422,19.56,0.636,0.0332,2.86,1.48,414725.0,0.9697
56,2023-01-23,Porto,Portugal,2,competitive,0,0,0,22495,15026,2332,20.21,0.635,0.0464,2.91,1.51,461431.0,1.0168
57,2023-01-30,Porto,Portugal,2,competitive,0,0,0,21757,14742,2509,19.77,0.62,0.0433,2.73,1.51,436814.0,1.0017
58,2023-02-06,Porto,Portugal,2,competitive,0,0,0,22374,14448,2477,20.06,0.644,0.0428,2.82,1.51,455367.0,0.9977
59,2023-02-13,Porto,Portugal,2,competitive,0,0,0,22408,15081,2331,20.02,0.65,0.0438,3.04,1.39,454897.0,1.0021
60,2023-02-20,Porto,Portugal,2,competitive,0,0,0,24815,14911,1960,20.31,0.641,0.0516,2.81,1.7,511597.0,1.0121
61,2023-02-27,Porto,Portugal,2,competitive,0,0,0,22363,15379,2624,20.28,0.655,0.0558,2.9,1.45,460212.0,1.0026
62,2023-03-06,Porto,Portugal,2,competitive,0,0,0,23840,14875,2021,20.07,0.654,0.0474,2.79,1.52,485252.0,0.9997
63,2023-03-13,Porto,Portugal,2,competitive,0,0,0,22759,14682,2610,19.88,0.658,0.0375,2.65,1.47,458924.0,0.9876
64,2023-03-20,Porto,Portugal,2,competitive,0,0,0,22189,15379,2652,20.15,0.645,0.0314,2.71,1.4,453568.0,0.9788
65,2023-03-27,Porto,Portugal,2,competitive,0,0,0,23720,15307,2529,20.55,0.658,0.0463,2.92,1.63,494931.0,0.9951
66,2023-04-03,Porto,Portugal,2,competitive,0,0,0,25415,16136,2625,19.89,0.643,0.0435,2.74,1.41,512330.0,1.0118
67,2023-04-10,Porto,Portugal,2,competitive,0,0,0,25878,16282,2572,19.63,0.629,0.034,2.78,1.54,515507.0,1.0069
68,2023-04-17,Porto,Portugal,2,competitive,0,0,0,23687,16969,2588,20.42,0.646,0.0377,2.55,1.44,491019.0,1.0155
69,2023-04-24,Porto,Portugal,2,competitive,0,0,0,23417,15986,2142,20.48,0.629,0.0495,2.94,1.42,486390.0,1.014
70,2023-05-01,Porto,Portugal,2,competitive,0,0,0,22091,15915,2197,20.53,0.64,0.0498,2.8,1.55,460929.0,1.002
71,2023-05-08,Porto,Portugal,2,competitive,0,0,0,23310,16191,2203,20.22,0.626,0.0442,2.67,1.59,479051.0,1.0053
72,2023-05-15,Porto,Portugal,2,competitive,0,0,0,22368,16347,1952,20.27,0.66,0.0337,2.68,1.58,461148.0,1.0204
73,2023-05-22,Porto,Portugal,2,competitive,0,0,0,22515,15983,2828,20.76,0.646,0.0423,2.66,1.47,474460.0,1.0128
74,2023-05-29,Porto,Portugal,2,competitive,0,0,0,24016,16504,2625,19.77,0.667,0.042,3.08,1.41,481778.0,1.0256
75,2023-06-05,Porto,Portugal,2,competitive,0,0,0,22347,15570,2910,20.4,0.65,0.0369,2.74,1.53,463025.0,0.9878
76,2023-06-12,Porto,Portugal,2,competitive,0,0,0,23586,15644,2627,20.22,0.623,0.0253,2.8,1.51,483996.0,1.0011
77,2023-06-19,Porto,Portugal,2,competitive,0,0,0,23161,15820,2506,19.93,0.671,0.0437,2.8,1.44,468433.0,1.0017
78,2023-06-26,Porto,Portugal,2,competitive,0,1,0,24053,16258,2709,20.25,0.646,0.0475,3.02,1.53,494536.0,0.9978
79,2023-07-03,Porto,Portugal,2,competitive,0,1,0,23270,15740,2789,19.97,0.643,0.0366,2.71,1.47,471643.0,0.9996
80,2023-07-10,Porto,Portugal,2,competitive,0,1,0,21585,14220,2139,20.22,0.651,0.04,2.4,1.44,442592.0,0.9779
81,2023-07-17,Porto,Portugal,2,competitive,0,1,0,22517,14092,2369,20.27,0.641,0.0365,2.87,1.53,462888.0,0.9832
82,2023-07-24,Porto,Portugal,2,competitive,0,1,0,21369,14039,2143,20.22,0.613,0.0363,2.89,1.54,438567.0,0.993
83,2023-07-31,Porto,Portugal,2,competitive,0,1,0,23030,13763,1870,20.23,0.657,0.0497,2.71,1.45,471884.0,1.0117
84,2023-08-07,Porto,Portugal,2,competitive,0,1,0,20973,14530,1777,20.09,0.63,0.0419,2.77,1.55,428104.0,1.0019
85,2023-08-14,Porto,Portugal,2,competitive,0,1,0,21334,14205,2126,20.39,0.646,0.0428,2.85,1.55,441606.0,0.9923
86,2023-08-21,Porto,Portugal,2,competitive,0,1,0,21808,14558,2260,20.67,0.657,0.0359,2.69,1.4,456886.0,0.9895
87,2023-08-28,Porto,Portugal,2,competitive,0,1,0,22282,15497,2546,20.42,0.668,0.0356,2.76,1.64,462623.0,1.0032
88,2023-09-04,Porto,Portugal,2,competitive,0,1,0,21626,14900,2279,20.05,0.624,0.0343,2.72,1.37,439725.0,1.0057
89,2023-09-11,Porto,Portugal,2,competitive,0,1,0,22444,15581,2663,19.78,0.642,0.0422,2.81,1.41,450533.0,0.9979
90,2023-09-18,Porto,Portugal,2,competitive,0,1,0,22982,15243,2357,20.35,0.625,0.0415,2.79,1.56,474817.0,1.0043
91,2023-09-25,Porto,Portugal,2,competitive,0,1,0,21770,14943,2790,20.3,0.653,0.0495,2.58,1.54,448835.0,1.0038
92,2023-10-02,Porto,Portugal,2,competitive,0,1,0,22040,15387,2055,20.54,0.631,0.0214,3.0,1.59,460041.0,1.0132
93,2023-10-09,Porto,Portugal,2,competitive,0,1,0,22282,15247,2227,20.16,0.621,0.031,2.83,1.55,456295.0,1.0008
94,2023-10-16,Porto,Portugal,2,competitive,0,1,0,23011,15042,2324,20.65,0.631,0.0418,2.51,1.45,481720.0,0.9969
95,2023-10-23,Porto,Portugal,2,competitive,0,1,0,21898,14593,2397,20.56,0.64,0.0439,2.72,1.48,456702.0,0.9937
96,2023-10-30,Porto,Portugal,2,competitive,0,1,0,22513,14939,2659,20.13,0.637,0.0298,2.75,1.45,459685.0,0.9798
97,2023-11-06,Porto,Portugal,2,competitive,0,1,0,21395,14063,2598,20.06,0.644,0.0369,2.77,1.49,435470.0,0.9901
98,2023-11-13,Porto,Portugal,2,competitive,0,1,0,22947,15313,1867,20.72,0.636,0.0434,2.86,1.43,482031.0,0.9965
99,2023-11-20,Porto,Portugal,2,competitive,0,1,0,22826,14931,2630,20.15,0.652,0.0502,2.87,1.51,466708.0,0.9978
100,2023-11-27,Porto,Portugal,2,competitive,0,1,0,24878,14980,2646,20.13,0.62,0.0348,2.79,1.57,507850.0,0.996
101,2023-12-04,Porto,Portugal,2,competitive,0,1,0,23891,15465,2694,20.05,0.624,0.0464,2.92,1.49,485927.0,0.9818
102,2023-12-11,Porto,Portugal,2,competitive,0,1,0,24471,16320,2637,20.46,0.643,0.0301,2.99,1.53,508168.0,0.9835
103,2023-12-18,Porto,Portugal,2,competitive,0,1,0,24524,16240,2598,20.08,0.62,0.041,2.77,1.46,499555.0,0.9855
104,2023-12-25,Porto,Portugal,2,competitive,0,1,0,24609,16456,2323,19.79,0.638,0.0386,2.6,1.48,494319.0,0.9818
1,2022-01-03,Warsaw,Poland,2,monopoly,1,0,0,54001,36454,5255,19.25,0.712,0.0383,2.86,1.5,1055924.0,1.0055
2,2022-01-10,Warsaw,Poland,2,monopoly,1,0,0,54078,37114,6582,19.41,0.626,0.0454,2.86,1.47,1066021.0,1.002
3,2022-01-17,Warsaw,Poland,2,monopoly,1,0,0,51526,34965,5297,19.59,0.643,0.0436,2.68,1.45,1024604.0,1.0084
4,2022-01-24,Warsaw,Poland,2,monopoly,1,0,0,52663,35704,4399,19.24,0.683,0.052,2.45,1.43,1028553.0,1.0222
5,2022-01-31,Warsaw,Poland,2,monopoly,1,0,0,53018,34311,4596,19.4,0.658,0.0471,2.84,1.5,1043989.0,1.0119
6,2022-02-07,Warsaw,Poland,2,monopoly,1,0,0,50606,34996,5622,19.65,0.685,0.048,2.83,1.62,1011416.0,1.0051
7,2022-02-14,Warsaw,Poland,2,monopoly,1,0,0,55727,36475,6527,19.48,0.687,0.0539,2.95,1.47,1101647.0,1.0207
8,2022-02-21,Warsaw,Poland,2,monopoly,1,0,0,53309,35855,4893,19.85,0.666,0.0624,2.57,1.45,1073781.0,1.0219
9,2022-02-28,Warsaw,Poland,2,monopoly,1,0,0,53112,35666,5702,19.65,0.677,0.0408,2.83,1.54,1060128.0,1.0091
10,2022-03-07,Warsaw,Poland,2,monopoly,1,0,0,55872,36647,5433,19.98,0.671,0.0464,2.82,1.54,1133253.0,1.0119
11,2022-03-14,Warsaw,Poland,2,monopoly,1,0,0,52699,36025,6237,19.47,0.656,0.0466,2.66,1.55,1042801.0,1.0026
12,2022-03-21,Warsaw,Poland,2,monopoly,1,0,0,56758,36568,5108,19.54,0.691,0.0427,2.71,1.52,1125726.0,0.9966
13,2022-03-28,Warsaw,Poland,2,monopoly,1,0,0,53433,36589,6091,19.51,0.686,0.0404,2.87,1.52,1059162.0,1.0004
14,2022-04-04,Warsaw,Poland,2,monopoly,1,0,0,54007,37954,5150,19.43,0.674,0.0512,2.86,1.64,1068029.0,0.9792
15,2022-04-11,Warsaw,Poland,2,monopoly,1,0,0,54817,38009,5008,19.53,0.658,0.0463,2.85,1.29,1085285.0,0.9675
16,2022-04-18,Warsaw,Poland,2,monopoly,1,0,0,56586,36258,4973,20.11,0.674,0.045,3.07,1.5,1154261.0,0.9727
17,2022-04-25,Warsaw,Poland,2,monopoly,1,0,0,54448,36312,6521,19.24,0.682,0.0345,2.86,1.52,1064138.0,0.9711
18,2022-05-02,Warsaw,Poland,2,monopoly,1,0,0,52873,36538,4418,19.89,0.67,0.0533,2.83,1.46,1067648.0,0.9847
19,2022-05-09,Warsaw,Poland,2,monopoly,1,0,0,55242,37050,4659,19.73,0.687,0.0461,2.7,1.5,1106597.0,0.9801
20,2022-05-16,Warsaw,Poland,2,monopoly,1,0,0,52447,33033,5559,19.48,0.689,0.0574,2.68,1.47,1036235.0,0.9132
21,2022-05-23,Warsaw,Poland,2,monopoly,1,0,0,54037,36086,4848,19.95,0.665,0.037,2.8,1.38,1092978.0,0.9677
22,2022-05-30,Warsaw,Poland,2,monopoly,1,0,0,51406,37836,5342,18.88,0.664,0.0492,2.82,1.44,986890.0,0.996
23,2022-06-06,Warsaw,Poland,2,monopoly,1,0,0,53871,37695,5728,19.34,0.688,0.0534,2.72,1.6,1059959.0,0.9981
24,2022-06-13,Warsaw,Poland,2,monopoly,1,0,0,55259,35808,4861,19.44,0.665,0.0497,2.71,1.43,1089597.0,0.9831
25,2022-06-20,Warsaw,Poland,2,monopoly,1,0,0,54908,36888,6338,19.56,0.685,0.0398,2.55,1.44,1089936.0,0.983
26,2022-06-27,Warsaw,Poland,2,monopoly,1,0,0,55133,37287,6141,19.7,0.669,0.0531,2.41,1.52,1103123.0,0.9902
27,2022-07-04,Warsaw,Poland,2,monopoly,1,0,0,55603,37101,6010,19.67,0.666,0.0483,2.79,1.56,1111074.0,0.981
28,2022-07-11,Warsaw,Poland,2,monopoly,1,0,0,55381,36151,5779,19.19,0.676,0.0442,2.85,1.59,1080005.0,0.9918
29,2022-07-18,Warsaw,Poland,2,monopoly,1,0,0,52434,34601,5971,19.39,0.642,0.044,2.74,1.34,1030605.0,0.988
30,2022-07-25,Warsaw,Poland,2,monopoly,1,0,0,54790,34286,4811,19.63,0.696,0.0346,2.82,1.48,1090751.0,0.989
31,2022-08-01,Warsaw,Poland,2,monopoly,1,0,0,53736,35719,6020,19.18,0.676,0.0373,3.07,1.36,1045230.0,0.9862
32,2022-08-08,Warsaw,Poland,2,monopoly,1,0,0,52332,36049,4846,19.24,0.666,0.0551,2.68,1.47,1022765.0,1.0114
33,2022-08-15,Warsaw,Poland,2,monopoly,1,0,0,55500,36427,4733,19.5,0.643,0.0443,2.8,1.49,1098533.0,1.0073
34,2022-08-22,Warsaw,Poland,2,monopoly,1,0,0,52805,35671,5449,19.74,0.659,0.0445,3.14,1.49,1058316.0,0.9931
35,2022-08-29,Warsaw,Poland,2,monopoly,1,0,0,54570,37451,4410,19.45,0.684,0.0383,2.69,1.56,1078914.0,1.0046
36,2022-09-05,Warsaw,Poland,2,monopoly,1,0,0,56077,37257,4786,19.69,0.677,0.0508,2.97,1.55,1121481.0,0.9895
37,2022-09-12,Warsaw,Poland,2,monopoly,1,0,0,55363,36460,4449,19.7,0.676,0.0498,2.66,1.49,1106949.0,0.9955
38,2022-09-19,Warsaw,Poland,2,monopoly,1,0,0,51991,34931,6132,19.41,0.659,0.0559,2.75,1.34,1023188.0,0.9755
39,2022-09-26,Warsaw,Poland,2,monopoly,1,0,0,51830,35544,4588,19.58,0.654,0.0423,2.83,1.5,1030826.0,0.9695
40,2022-10-03,Warsaw,Poland,2,monopoly,1,0,0,51963,36168,5715,20.08,0.628,0.0473,2.76,1.39,1058499.0,0.9823
41,2022-10-10,Warsaw,Poland,2,monopoly,1,0,0,51674,36414,6002,19.13,0.66,0.0404,2.61,1.57,1005675.0,0.9966
42,2022-10-17,Warsaw,Poland,2,monopoly,1,0,0,55215,35926,5970,19.71,0.671,0.0406,2.88,1.5,1104454.0,0.9997
43,2022-10-24,Warsaw,Poland,2,monopoly,1,0,0,55034,36460,5343,19.63,0.671,0.0456,2.78,1.47,1096396.0,0.9985
44,2022-10-31,Warsaw,Poland,2,monopoly,1,0,0,52840,35448,5602,19.5,0.681,0.0344,2.77,1.44,1045694.0,0.9957
45,2022-11-07,Warsaw,Poland,2,monopoly,1,0,0,52227,35518,6135,19.3,0.666,0.0377,2.89,1.47,1023645.0,0.981
46,2022-11-14,Warsaw,Poland,2,monopoly,1,0,0,52195,35016,5810,19.11,0.67,0.0445,3.0,1.44,1012573.0,0.9797
47,2022-11-21,Warsaw,Poland,2,monopoly,1,0,0,49941,35535,4686,19.26,0.657,0.0352,3.03,1.53,978174.0,0.9817
48,2022-11-28,Warsaw,Poland,2,monopoly,1,0,0,51367,37178,4540,19.45,0.666,0.0511,2.87,1.69,1017937.0,0.9998
49,2022-12-05,Warsaw,Poland,2,monopoly,1,0,0,59480,39294,4848,19.61,0.665,0.0275,2.87,1.46,1183614.0,1.0036
50,2022-12-12,Warsaw,Poland,2,monopoly,1,0,0,56493,39810,5568,19.34,0.674,0.0421,2.85,1.56,1111206.0,0.983
51,2022-12-19,Warsaw,Poland,2,monopoly,1,0,0,57062,40997,5562,19.5,0.682,0.04,2.77,1.43,1130297.0,0.9925
52,2022-12-26,Warsaw,Poland,2,monopoly,1,0,0,60538,42204,6647,19.55,0.649,0.038,2.85,1.57,1203396.0,0.9909
53,2023-01-02,Warsaw,Poland,2,monopoly,1,0,0,56197,39131,5712,19.65,0.694,0.0443,2.78,1.41,1120823.0,0.9866
54,2023-01-09,Warsaw,Poland,2,monopoly,1,0,0,56185,40108,6525,19.59,0.689,0.0491,2.55,1.5,1118713.0,0.998
55,2023-01-16,Warsaw,Poland,2,monopoly,1,0,0,53541,37378,6867,19.74,0.685,0.0461,2.89,1.42,1072822.0,0.9697
56,2023-01-23,Warsaw,Poland,2,monopoly,1,0,0,57517,38066,5511,19.37,0.637,0.0448,2.96,1.48,1131006.0,1.0168
57,2023-01-30,Warsaw,Poland,2,monopoly,1,0,0,55623,38030,4641,19.01,0.656,0.0503,2.8,1.49,1074393.0,1.0017
58,2023-02-06,Warsaw,Poland,2,monopoly,1,0,0,53413,36618,4359,19.41,0.677,0.0417,3.01,1.53,1053554.0,0.9977
59,2023-02-13,Warsaw,Poland,2,monopoly,1,0,0,58721,40276,6420,19.42,0.694,0.0495,3.06,1.47,1158124.0,1.0021
60,2023-02-20,Warsaw,Poland,2,monopoly,1,0,0,58467,38993,6729,19.55,0.654,0.059,3.03,1.51,1160694.0,1.0121
61,2023-02-27,Warsaw,Poland,2,monopoly,1,0,0,59587,38713,6060,18.96,0.681,0.0469,2.79,1.55,1147771.0,1.0026
62,2023-03-06,Warsaw,Poland,2,monopoly,1,0,0,59017,39264,5368,19.18,0.671,0.0504,2.79,1.61,1150911.0,0.9997
63,2023-03-13,Warsaw,Poland,2,monopoly,1,0,0,54742,38265,6493,19.49,0.654,0.0547,2.77,1.48,1083911.0,0.9876
64,2023-03-20,Warsaw,Poland,2,monopoly,1,0,0,57941,39338,5966,19.12,0.693,0.033,2.54,1.54,1126006.0,0.9788
65,2023-03-27,Warsaw,Poland,2,monopoly,1,0,0,57633,39678,6552,19.27,0.678,0.0416,2.58,1.43,1127610.0,0.9951
66,2023-04-03,Warsaw,Poland,2,monopoly,1,0,0,61648,42243,4703,19.04,0.659,0.0453,2.97,1.56,1193548.0,1.0118
67,2023-04-10,Warsaw,Poland,2,monopoly,1,0,0,58507,42391,6698,19.42,0.64,0.0593,2.55,1.48,1155028.0,1.0069
68,2023-04-17,Warsaw,Poland,2,monopoly,1,0,0,64895,41938,6374,19.75,0.693,0.0526,2.65,1.48,1300297.0,1.0155
69,2023-04-24,Warsaw,Poland,2,monopoly,1,0,0,60822,42269,5917,19.6,0.679,0.0633,2.82,1.65,1213034.0,1.014
70,2023-05-01,Warsaw,Poland,2,monopoly,1,0,0,63113,41543,6676,18.98,0.69,0.0508,2.46,1.48,1216330.0,1.002
71,2023-05-08,Warsaw,Poland,2,monopoly,1,0,0,58002,40063,4940,19.51,0.657,0.0526,2.65,1.41,1148566.0,1.0053
72,2023-05-15,Warsaw,Poland,2,monopoly,1,0,0,60461,40775,6265,19.7,0.672,0.0441,3.07,1.48,1209186.0,1.0204
73,2023-05-22,Warsaw,Poland,2,monopoly,1,0,0,58160,40489,6362,19.73,0.662,0.0332,2.84,1.46,1165231.0,1.0128
74,2023-05-29,Warsaw,Poland,2,monopoly,1,0,0,63917,41963,5651,19.4,0.671,0.0354,2.91,1.45,1258244.0,1.0256
75,2023-06-05,Warsaw,Poland,2,monopoly,1,0,0,60489,41443,6376,19.55,0.699,0.0497,2.73,1.46,1200712.0,0.9878
76,2023-06-12,Warsaw,Poland,2,monopoly,1,0,0,59466,40115,5456,19.14,0.672,0.0415,2.45,1.5,1156231.0,1.0011
77,2023-06-19,Warsaw,Poland,2,monopoly,1,0,0,62930,41467,6303,19.38,0.684,0.0516,2.54,1.45,1237622.0,1.0017
78,2023-06-26,Warsaw,Poland,2,monopoly,1,1,1,68754,42610,7355,18.76,0.68,0.0567,2.86,0.0,1289825.0,0.9978
79,2023-07-03,Warsaw,Poland,2,monopoly,1,1,1,69914,44121,7592,18.59,0.669,0.0333,2.85,0.0,1299701.0,0.9996
80,2023-07-10,Warsaw,Poland,2,monopoly,1,1,1,63696,42530,8758,18.4,0.674,0.0396,3.03,0.0,1172006.0,0.9779
81,2023-07-17,Warsaw,Poland,2,monopoly,1,1,1,63055,41628,6740,18.92,0.649,0.041,2.94,0.0,1193001.0,0.9832
82,2023-07-24,Warsaw,Poland,2,monopoly,1,1,1,62371,40995,8212,19.16,0.657,0.0483,2.69,0.0,1195028.0,0.993
83,2023-07-31,Warsaw,Poland,2,monopoly,1,1,1,66290,42221,7898,18.71,0.669,0.0504,2.59,0.0,1240286.0,1.0117
84,2023-08-07,Warsaw,Poland,2,monopoly,1,1,1,62206,41674,8755,18.89,0.672,0.0502,2.98,0.0,1175071.0,1.0019
85,2023-08-14,Warsaw,Poland,2,monopoly,1,1,1,64074,40331,6238,18.43,0.674,0.048,2.78,0.0,1180884.0,0.9923
86,2023-08-21,Warsaw,Poland,2,monopoly,1,1,1,68073,40913,7924,19.08,0.653,0.0416,2.47,0.0,1298833.0,0.9895
87,2023-08-28,Warsaw,Poland,2,monopoly,1,1,1,67010,42679,8453,18.65,0.672,0.0602,2.9,0.0,1249736.0,1.0032
88,2023-09-04,Warsaw,Poland,2,monopoly,1,1,1,65411,41604,5935,18.39,0.679,0.0361,2.87,0.0,1202908.0,1.0057
89,2023-09-11,Warsaw,Poland,2,monopoly,1,1,1,65521,41215,6693,18.86,0.668,0.0459,2.63,0.0,1235726.0,0.9979
90,2023-09-18,Warsaw,Poland,2,monopoly,1,1,1,66440,42042,8165,18.99,0.662,0.0485,3.09,0.0,1261696.0,1.0043
91,2023-09-25,Warsaw,Poland,2,monopoly,1,1,1,62936,43347,7651,19.0,0.695,0.0466,2.73,0.0,1195784.0,1.0038
92,2023-10-02,Warsaw,Poland,2,monopoly,1,1,1,63438,41545,6504,18.71,0.673,0.032,2.55,0.0,1186925.0,1.0132
93,2023-10-09,Warsaw,Poland,2,monopoly,1,1,1,63297,41052,6541,18.5,0.685,0.0584,2.82,0.0,1170994.0,1.0008
94,2023-10-16,Warsaw,Poland,2,monopoly,1,1,1,63931,40901,8357,18.64,0.665,0.0419,2.95,0.0,1191674.0,0.9969
95,2023-10-23,Warsaw,Poland,2,monopoly,1,1,1,61663,40324,6256,18.83,0.67,0.0531,2.81,0.0,1161114.0,0.9937
96,2023-10-30,Warsaw,Poland,2,monopoly,1,1,1,62942,41234,8525,18.94,0.657,0.0397,2.56,0.0,1192121.0,0.9798
97,2023-11-06,Warsaw,Poland,2,monopoly,1,1,1,61942,40706,8246,18.92,0.662,0.0495,2.83,0.0,1171943.0,0.9901
98,2023-11-13,Warsaw,Poland,2,monopoly,1,1,1,58931,41445,5927,18.85,0.665,0.052,2.56,0.0,1110849.0,0.9965
99,2023-11-20,Warsaw,Poland,2,monopoly,1,1,1,67406,40888,7825,18.34,0.696,0.0529,2.71,0.0,1236226.0,0.9978
100,2023-11-27,Warsaw,Poland,2,monopoly,1,1,1,61788,41274,8303,18.78,0.674,0.0394,2.87,0.0,1160379.0,0.996
101,2023-12-04,Warsaw,Poland,2,monopoly,1,1,1,67040,42315,6574,18.77,0.671,0.0571,2.74,0.0,1258341.0,0.9818
102,2023-12-11,Warsaw,Poland,2,monopoly,1,1,1,65224,43387,7446,18.76,0.69,0.0519,2.92,0.0,1223602.0,0.9835
103,2023-12-18,Warsaw,Poland,2,monopoly,1,1,1,67379,44465,7821,18.94,0.672,0.0489,3.14,0.0,1276158.0,0.9855
104,2023-12-25,Warsaw,Poland,2,monopoly,1,1,1,67257,45830,8320,18.42,0.69,0.0522,2.56,0.0,1238874.0,0.9818
1,2022-01-03,Krakow,Poland,2,monopoly,0,0,0,27852,19366,3140,19.1,0.66,0.0277,2.97,1.46,540456.0,1.0055
2,2022-01-10,Krakow,Poland,2,monopoly,0,0,0,27792,19709,3486,18.5,0.696,0.0398,2.71,1.64,523849.0,1.002
3,2022-01-17,Krakow,Poland,2,monopoly,0,0,0,27172,18062,2542,18.89,0.686,0.0414,2.65,1.41,520919.0,1.0084
4,2022-01-24,Krakow,Poland,2,monopoly,0,0,0,26398,18941,3224,18.42,0.675,0.0414,2.9,1.47,494604.0,1.0222
5,2022-01-31,Krakow,Poland,2,monopoly,0,0,0,26158,18667,2547,18.82,0.659,0.0472,2.77,1.45,500414.0,1.0119
6,2022-02-07,Krakow,Poland,2,monopoly,0,0,0,26312,18568,3217,19.02,0.671,0.053,3.0,1.49,508754.0,1.0051
7,2022-02-14,Krakow,Poland,2,monopoly,0,0,0,28156,19679,3409,18.97,0.673,0.0353,2.88,1.55,543270.0,1.0207
8,2022-02-21,Krakow,Poland,2,monopoly,0,0,0,25571,19442,3087,18.84,0.643,0.0452,2.95,1.65,491381.0,1.0219
9,2022-02-28,Krakow,Poland,2,monopoly,0,0,0,27753,18754,3358,19.26,0.66,0.0415,2.84,1.52,543075.0,1.0091
10,2022-03-07,Krakow,Poland,2,monopoly,0,0,0,27215,18623,2530,18.79,0.666,0.0407,2.63,1.52,519862.0,1.0119
11,2022-03-14,Krakow,Poland,2,monopoly,0,0,0,28404,19764,2405,18.84,0.685,0.0483,2.88,1.6,544618.0,1.0026
12,2022-03-21,Krakow,Poland,2,monopoly,0,0,0,27045,19222,3190,18.78,0.675,0.054,2.64,1.6,517132.0,0.9966
13,2022-03-28,Krakow,Poland,2,monopoly,0,0,0,28846,19465,2781,18.6,0.679,0.033,2.88,1.49,545236.0,1.0004
14,2022-04-04,Krakow,Poland,2,monopoly,0,0,0,28672,19580,2761,18.84,0.678,0.0487,2.84,1.51,549050.0,0.9792
15,2022-04-11,Krakow,Poland,2,monopoly,0,0,0,28770,19951,3379,19.05,0.665,0.0449,2.83,1.38,556328.0,0.9675
16,2022-04-18,Krakow,Poland,2,monopoly,0,0,0,29464,20180,2730,19.26,0.673,0.0465,2.6,1.48,576437.0,0.9727
17,2022-04-25,Krakow,Poland,2,monopoly,0,0,0,27352,19535,3149,19.03,0.68,0.0425,2.76,1.62,530003.0,0.9711
18,2022-05-02,Krakow,Poland,2,monopoly,0,0,0,26520,19240,3390,19.04,0.682,0.0281,3.01,1.48,513483.0,0.9847
19,2022-05-09,Krakow,Poland,2,monopoly,0,0,0,29199,19583,2430,18.8,0.658,0.0445,2.82,1.53,557930.0,0.9801
20,2022-05-16,Krakow,Poland,2,monopoly,0,0,0,26184,18191,2426,18.7,0.676,0.0461,2.8,1.46,497608.0,0.9132
21,2022-05-23,Krakow,Poland,2,monopoly,0,0,0,29190,18923,3288,18.25,0.683,0.0419,2.72,1.48,541119.0,0.9677
22,2022-05-30,Krakow,Poland,2,monopoly,0,0,0,29098,20259,3399,18.73,0.671,0.0465,2.74,1.58,554608.0,0.996
23,2022-06-06,Krakow,Poland,2,monopoly,0,0,0,28044,19761,2418,18.66,0.688,0.0486,2.81,1.52,532312.0,0.9981
24,2022-06-13,Krakow,Poland,2,monopoly,0,0,0,27314,19589,3357,18.16,0.685,0.0537,2.63,1.5,504837.0,0.9831
25,2022-06-20,Krakow,Poland,2,monopoly,0,0,0,28319,19793,2923,18.75,0.675,0.0401,2.46,1.55,540185.0,0.983
26,2022-06-27,Krakow,Poland,2,monopoly,0,0,0,28610,20108,2871,18.85,0.653,0.0359,2.67,1.47,548166.0,0.9902
27,2022-07-04,Krakow,Poland,2,monopoly,0,0,0,28416,19451,2643,18.53,0.695,0.0461,2.68,1.56,535652.0,0.981
28,2022-07-11,Krakow,Poland,2,monopoly,0,0,0,29165,19286,3480,18.8,0.674,0.044,2.67,1.57,557386.0,0.9918
29,2022-07-18,Krakow,Poland,2,monopoly,0,0,0,28372,19246,3134,18.77,0.681,0.0354,3.04,1.61,541838.0,0.988
30,2022-07-25,Krakow,Poland,2,monopoly,0,0,0,27380,18230,3176,18.74,0.682,0.05,2.81,1.52,521414.0,0.989
31,2022-08-01,Krakow,Poland,2,monopoly,0,0,0,26149,18726,2449,19.34,0.665,0.0509,2.85,1.43,513755.0,0.9862
32,2022-08-08,Krakow,Poland,2,monopoly,0,0,0,29152,19241,2914,18.88,0.676,0.0406,2.9,1.45,558760.0,1.0114
33,2022-08-15,Krakow,Poland,2,monopoly,0,0,0,26775,18975,3519,18.58,0.659,0.0434,2.92,1.57,506417.0,1.0073
34,2022-08-22,Krakow,Poland,2,monopoly,0,0,0,27523,19107,3251,18.75,0.66,0.0478,2.66,1.56,524998.0,0.9931
35,2022-08-29,Krakow,Poland,2,monopoly,0,0,0,28632,19701,3085,18.03,0.684,0.051,2.95,1.51,525160.0,1.0046
36,2022-09-05,Krakow,Poland,2,monopoly,0,0,0,27695,19470,3209,18.67,0.671,0.0491,2.71,1.58,526294.0,0.9895
37,2022-09-12,Krakow,Poland,2,monopoly,0,0,0,28396,19582,2629,18.74,0.683,0.0352,2.72,1.46,540718.0,0.9955
38,2022-09-19,Krakow,Poland,2,monopoly,0,0,0,26121,18815,2762,19.03,0.688,0.0578,2.97,1.44,505211.0,0.9755
39,2022-09-26,Krakow,Poland,2,monopoly,0,0,0,27186,18323,2192,18.94,0.668,0.0454,2.75,1.44,522818.0,0.9695
40,2022-10-03,Krakow,Poland,2,monopoly,0,0,0,26874,18509,2305,18.78,0.658,0.049,3.03,1.54,513245.0,0.9823
41,2022-10-10,Krakow,Poland,2,monopoly,0,0,0,25982,18952,3120,18.79,0.683,0.0451,3.02,1.49,496673.0,0.9966
42,2022-10-17,Krakow,Poland,2,monopoly,0,0,0,28051,19105,2853,18.43,0.657,0.0367,2.72,1.56,525921.0,0.9997
43,2022-10-24,Krakow,Poland,2,monopoly,0,0,0,27526,18977,2641,18.51,0.709,0.0468,2.83,1.42,517590.0,0.9985
44,2022-10-31,Krakow,Poland,2,monopoly,0,0,0,27225,19092,2421,19.1,0.654,0.0536,2.77,1.53,528761.0,0.9957
45,2022-11-07,Krakow,Poland,2,monopoly,0,0,0,27180,18687,2830,18.73,0.692,0.0492,2.67,1.51,517547.0,0.981
46,2022-11-14,Krakow,Poland,2,monopoly,0,0,0,26761,18488,2404,18.88,0.65,0.0541,2.91,1.48,513456.0,0.9797
47,2022-11-21,Krakow,Poland,2,monopoly,0,0,0,27249,18632,3126,19.25,0.683,0.0343,2.84,1.54,533151.0,0.9817
48,2022-11-28,Krakow,Poland,2,monopoly,0,0,0,28082,18963,2272,18.8,0.657,0.044,2.79,1.48,536361.0,0.9998
49,2022-12-05,Krakow,Poland,2,monopoly,0,0,0,28138,20534,3542,18.23,0.669,0.0503,2.8,1.52,522319.0,1.0036
50,2022-12-12,Krakow,Poland,2,monopoly,0,0,0,30789,20000,2669,19.12,0.677,0.0405,2.71,1.56,598046.0,0.983
51,2022-12-19,Krakow,Poland,2,monopoly,0,0,0,31739,21175,2835,18.75,0.675,0.045,3.08,1.54,604889.0,0.9925
52,2022-12-26,Krakow,Poland,2,monopoly,0,0,0,31994,21680,3586,18.58,0.67,0.051,2.44,1.5,604205.0,0.9909
53,2023-01-02,Krakow,Poland,2,monopoly,0,0,0,30417,20419,3487,18.99,0.658,0.0404,2.82,1.51,586869.0,0.9866
54,2023-01-09,Krakow,Poland,2,monopoly,0,0,0,30191,21314,3592,18.64,0.676,0.0479,2.91,1.5,572352.0,0.998
55,2023-01-16,Krakow,Poland,2,monopoly,0,0,0,26226,19045,3262,18.49,0.689,0.0433,2.77,1.48,493375.0,0.9697
56,2023-01-23,Krakow,Poland,2,monopoly,0,0,0,26916,19461,2355,18.85,0.665,0.041,2.82,1.46,515891.0,1.0168
57,2023-01-30,Krakow,Poland,2,monopoly,0,0,0,28182,19730,2968,18.05,0.678,0.0417,2.69,1.49,517504.0,1.0017
58,2023-02-06,Krakow,Poland,2,monopoly,0,0,0,29682,20258,2927,19.15,0.674,0.0465,2.67,1.37,576736.0,0.9977
59,2023-02-13,Krakow,Poland,2,monopoly,0,0,0,28394,20447,3254,18.52,0.667,0.0434,2.8,1.38,534322.0,1.0021
60,2023-02-20,Krakow,Poland,2,monopoly,0,0,0,28640,20617,3054,18.7,0.68,0.0495,2.92,1.51,544908.0,1.0121
61,2023-02-27,Krakow,Poland,2,monopoly,0,0,0,29373,19762,3153,19.18,0.679,0.0433,2.68,1.51,572326.0,1.0026
62,2023-03-06,Krakow,Poland,2,monopoly,0,0,0,29268,20108,2699,18.74,0.678,0.0492,2.55,1.49,557471.0,0.9997
63,2023-03-13,Krakow,Poland,2,monopoly,0,0,0,30750,20136,3188,19.04,0.654,0.0418,2.85,1.51,594602.0,0.9876
64,2023-03-20,Krakow,Poland,2,monopoly,0,0,0,29604,20168,3069,19.26,0.695,0.0411,2.5,1.35,578341.0,0.9788
65,2023-03-27,Krakow,Poland,2,monopoly,0,0,0,30479,21077,3598,18.56,0.68,0.0406,2.84,1.41,574606.0,0.9951
66,2023-04-03,Krakow,Poland,2,monopoly,0,0,0,32784,21985,3259,18.94,0.696,0.0463,2.76,1.51,630888.0,1.0118
67,2023-04-10,Krakow,Poland,2,monopoly,0,0,0,32273,21820,3719,18.26,0.68,0.0559,2.8,1.6,599779.0,1.0069
68,2023-04-17,Krakow,Poland,2,monopoly,0,0,0,33006,21912,3259,18.87,0.65,0.0425,2.78,1.45,632355.0,1.0155
69,2023-04-24,Krakow,Poland,2,monopoly,0,0,0,30689,20818,3423,19.13,0.676,0.0435,2.74,1.43,596011.0,1.014
70,2023-05-01,Krakow,Poland,2,monopoly,0,0,0,31534,21579,3278,19.38,0.662,0.0275,2.83,1.57,621293.0,1.002
71,2023-05-08,Krakow,Poland,2,monopoly,0,0,0,31963,21245,2508,18.91,0.658,0.0495,2.77,1.56,614363.0,1.0053
72,2023-05-15,Krakow,Poland,2,monopoly,0,0,0,31397,21888,3677,19.0,0.68,0.0503,2.87,1.5,606393.0,1.0204
73,2023-05-22,Krakow,Poland,2,monopoly,0,0,0,30744,21981,3332,18.74,0.676,0.0401,2.95,1.46,585770.0,1.0128
74,2023-05-29,Krakow,Poland,2,monopoly,0,0,0,30369,22741,3011,18.61,0.656,0.0492,2.79,1.57,575878.0,1.0256
75,2023-06-05,Krakow,Poland,2,monopoly,0,0,0,31355,21059,3527,19.13,0.683,0.05,2.85,1.48,609171.0,0.9878
76,2023-06-12,Krakow,Poland,2,monopoly,0,0,0,32046,21332,3742,18.64,0.708,0.0514,2.72,1.52,607065.0,1.0011
77,2023-06-19,Krakow,Poland,2,monopoly,0,0,0,31484,21200,3453,18.65,0.693,0.0442,2.89,1.64,597607.0,1.0017
78,2023-06-26,Krakow,Poland,2,monopoly,0,1,0,31648,21816,2986,18.72,0.667,0.049,2.77,1.42,601744.0,0.9978
79,2023-07-03,Krakow,Poland,2,monopoly,0,1,0,32178,21654,3910,18.74,0.664,0.0454,2.88,1.48,612630.0,0.9996
80,2023-07-10,Krakow,Poland,2,monopoly,0,1,0,30169,20766,3299,18.8,0.656,0.0479,2.81,1.42,576024.0,0.9779
81,2023-07-17,Krakow,Poland,2,monopoly,0,1,0,28814,19718,2623,18.68,0.675,0.0572,2.96,1.6,547710.0,0.9832
82,2023-07-24,Krakow,Poland,2,monopoly,0,1,0,29043,19998,3122,18.58,0.673,0.0519,2.69,1.53,548798.0,0.993
83,2023-07-31,Krakow,Poland,2,monopoly,0,1,0,29761,20769,2488,18.99,0.664,0.0492,2.8,1.47,574321.0,1.0117
84,2023-08-07,Krakow,Poland,2,monopoly,0,1,0,29333,19817,2402,18.45,0.686,0.0537,2.77,1.5,550112.0,1.0019
85,2023-08-14,Krakow,Poland,2,monopoly,0,1,0,28602,20446,3577,19.1,0.663,0.0447,2.73,1.53,555683.0,0.9923
86,2023-08-21,Krakow,Poland,2,monopoly,0,1,0,28720,20543,2808,19.08,0.678,0.0413,2.94,1.44,556852.0,0.9895
87,2023-08-28,Krakow,Poland,2,monopoly,0,1,0,29548,21295,3239,18.85,0.681,0.0424,2.77,1.48,566435.0,1.0032
88,2023-09-04,Krakow,Poland,2,monopoly,0,1,0,29480,20485,3371,18.32,0.651,0.0396,3.05,1.42,548800.0,1.0057
89,2023-09-11,Krakow,Poland,2,monopoly,0,1,0,30168,20820,3416,19.18,0.672,0.0544,2.68,1.47,587804.0,0.9979
90,2023-09-18,Krakow,Poland,2,monopoly,0,1,0,31224,20514,3435,19.25,0.66,0.0538,2.82,1.45,609986.0,1.0043
91,2023-09-25,Krakow,Poland,2,monopoly,0,1,0,28885,20460,2993,19.1,0.672,0.0506,2.84,1.48,560788.0,1.0038
92,2023-10-02,Krakow,Poland,2,monopoly,0,1,0,31128,20386,2873,18.99,0.681,0.0361,2.92,1.56,600661.0,1.0132
93,2023-10-09,Krakow,Poland,2,monopoly,0,1,0,31557,19929,3215,19.17,0.674,0.0402,2.76,1.4,613318.0,1.0008
94,2023-10-16,Krakow,Poland,2,monopoly,0,1,0,29538,19547,2679,19.16,0.676,0.0433,2.81,1.5,574744.0,0.9969
95,2023-10-23,Krakow,Poland,2,monopoly,0,1,0,28046,20297,3067,18.48,0.659,0.0394,2.73,1.48,527302.0,0.9937
96,2023-10-30,Krakow,Poland,2,monopoly,0,1,0,29152,19707,2653,18.5,0.685,0.0487,2.94,1.51,548239.0,0.9798
97,2023-11-06,Krakow,Poland,2,monopoly,0,1,0,28585,18980,3126,18.99,0.659,0.0512,2.51,1.43,550972.0,0.9901
98,2023-11-13,Krakow,Poland,2,monopoly,0,1,0,27943,19714,2812,18.85,0.681,0.056,2.87,1.41,535065.0,0.9965
99,2023-11-20,Krakow,Poland,2,monopoly,0,1,0,28486,20068,2574,18.83,0.653,0.0351,2.96,1.48,545302.0,0.9978
100,2023-11-27,Krakow,Poland,2,monopoly,0,1,0,28721,20007,2808,18.97,0.664,0.0569,2.41,1.49,553780.0,0.996
101,2023-12-04,Krakow,Poland,2,monopoly,0,1,0,30584,21790,3315,18.98,0.666,0.0538,2.98,1.55,590617.0,0.9818
102,2023-12-11,Krakow,Poland,2,monopoly,0,1,0,31470,21286,3513,19.24,0.679,0.0447,2.6,1.45,614742.0,0.9835
103,2023-12-18,Krakow,Poland,2,monopoly,0,1,0,31738,22267,3643,18.81,0.69,0.0423,2.64,1.41,606411.0,0.9855
104,2023-12-25,Krakow,Poland,2,monopoly,0,1,0,31877,22575,3629,18.95,0.683,0.0499,2.62,1.42,613686.0,0.9818
1,2022-01-03,Bucharest,Romania,2,monopoly,0,0,0,27707,18056,2705,16.75,0.692,0.0347,2.76,1.51,472272.0,1.0055
2,2022-01-10,Bucharest,Romania,2,monopoly,0,0,0,27610,17846,2918,16.77,0.659,0.0357,2.95,1.57,471425.0,1.002
3,2022-01-17,Bucharest,Romania,2,monopoly,0,0,0,25266,16690,2322,16.62,0.683,0.061,2.8,1.53,427582.0,1.0084
4,2022-01-24,Bucharest,Romania,2,monopoly,0,0,0,26445,17462,2584,16.67,0.658,0.0386,2.7,1.5,448696.0,1.0222
5,2022-01-31,Bucharest,Romania,2,monopoly,0,0,0,25274,17327,3193,17.04,0.654,0.0475,2.61,1.61,439038.0,1.0119
6,2022-02-07,Bucharest,Romania,2,monopoly,0,0,0,25579,16733,2957,16.95,0.656,0.0585,2.9,1.43,440743.0,1.0051
7,2022-02-14,Bucharest,Romania,2,monopoly,0,0,0,27772,17651,2483,16.82,0.68,0.0398,2.73,1.38,474433.0,1.0207
8,2022-02-21,Bucharest,Romania,2,monopoly,0,0,0,27551,17304,2631,16.59,0.682,0.0424,2.88,1.41,464391.0,1.0219
9,2022-02-28,Bucharest,Romania,2,monopoly,0,0,0,26953,17169,3042,16.66,0.657,0.0452,2.62,1.5,456763.0,1.0091
10,2022-03-07,Bucharest,Romania,2,monopoly,0,0,0,26259,17947,2975,16.77,0.66,0.0568,2.75,1.45,448170.0,1.0119
11,2022-03-14,Bucharest,Romania,2,monopoly,0,0,0,27174,17252,2165,17.12,0.684,0.0581,2.77,1.49,472931.0,1.0026
12,2022-03-21,Bucharest,Romania,2,monopoly,0,0,0,27922,17473,2469,16.36,0.664,0.0524,2.47,1.5,464667.0,0.9966
13,2022-03-28,Bucharest,Romania,2,monopoly,0,0,0,26777,18235,2968,16.76,0.665,0.045,2.88,1.67,457918.0,1.0004
14,2022-04-04,Bucharest,Romania,2,monopoly,0,0,0,27865,17851,2656,17.15,0.679,0.0504,2.76,1.46,485703.0,0.9792
15,2022-04-11,Bucharest,Romania,2,monopoly,0,0,0,27682,18238,2670,16.83,0.666,0.0529,2.8,1.42,473657.0,0.9675
16,2022-04-18,Bucharest,Romania,2,monopoly,0,0,0,28435,18172,2435,16.52,0.698,0.0378,3.02,1.36,477160.0,0.9727
17,2022-04-25,Bucharest,Romania,2,monopoly,0,0,0,27956,17215,2435,16.68,0.692,0.048,2.91,1.48,473950.0,0.9711
18,2022-05-02,Bucharest,Romania,2,monopoly,0,0,0,26423,18418,2230,16.89,0.677,0.0414,2.68,1.5,454573.0,0.9847
19,2022-05-09,Bucharest,Romania,2,monopoly,0,0,0,28008,18031,2839,16.39,0.666,0.0518,2.76,1.37,466462.0,0.9801
20,2022-05-16,Bucharest,Romania,2,monopoly,0,0,0,25865,16480,2310,17.07,0.673,0.0428,2.73,1.54,449129.0,0.9132
21,2022-05-23,Bucharest,Romania,2,monopoly,0,0,0,26694,17408,2297,17.01,0.689,0.0497,2.87,1.41,461429.0,0.9677
22,2022-05-30,Bucharest,Romania,2,monopoly,0,0,0,27174,18422,3334,17.12,0.687,0.0375,2.87,1.4,472956.0,0.996
23,2022-06-06,Bucharest,Romania,2,monopoly,0,0,0,29579,17504,2443,16.86,0.69,0.0482,2.68,1.43,506211.0,0.9981
24,2022-06-13,Bucharest,Romania,2,monopoly,0,0,0,27883,18210,2584,16.73,0.673,0.0558,3.03,1.51,474732.0,0.9831
25,2022-06-20,Bucharest,Romania,2,monopoly,0,0,0,27421,18390,3305,17.01,0.676,0.0471,3.14,1.49,474652.0,0.983
26,2022-06-27,Bucharest,Romania,2,monopoly,0,0,0,27657,17954,2866,16.41,0.665,0.0323,2.53,1.46,461715.0,0.9902
27,2022-07-04,Bucharest,Romania,2,monopoly,0,0,0,27554,18802,2229,16.84,0.661,0.0553,2.92,1.54,472696.0,0.981
28,2022-07-11,Bucharest,Romania,2,monopoly,0,0,0,26594,17904,2845,16.82,0.678,0.0492,2.91,1.46,455153.0,0.9918
29,2022-07-18,Bucharest,Romania,2,monopoly,0,0,0,27467,17567,2973,17.05,0.654,0.032,2.87,1.49,476165.0,0.988
30,2022-07-25,Bucharest,Romania,2,monopoly,0,0,0,28231,17202,2492,16.96,0.666,0.0493,2.96,1.45,486281.0,0.989
31,2022-08-01,Bucharest,Romania,2,monopoly,0,0,0,26931,17261,2236,16.94,0.673,0.0492,2.86,1.57,464341.0,0.9862
32,2022-08-08,Bucharest,Romania,2,monopoly,0,0,0,26523,17626,3019,16.71,0.685,0.0516,2.77,1.41,450655.0,1.0114
33,2022-08-15,Bucharest,Romania,2,monopoly,0,0,0,25948,17384,2692,16.88,0.68,0.0397,2.93,1.43,445460.0,1.0073
34,2022-08-22,Bucharest,Romania,2,monopoly,0,0,0,27122,17821,2764,16.96,0.669,0.039,2.84,1.57,468383.0,0.9931
35,2022-08-29,Bucharest,Romania,2,monopoly,0,0,0,26719,17972,2848,16.69,0.682,0.0451,2.91,1.36,453273.0,1.0046
36,2022-09-05,Bucharest,Romania,2,monopoly,0,0,0,27296,18028,2684,17.03,0.685,0.03,2.53,1.51,473018.0,0.9895
37,2022-09-12,Bucharest,Romania,2,monopoly,0,0,0,27320,17484,2862,16.68,0.676,0.0524,2.59,1.53,463723.0,0.9955
38,2022-09-19,Bucharest,Romania,2,monopoly,0,0,0,26554,17444,2599,16.79,0.671,0.068,2.62,1.45,453430.0,0.9755
39,2022-09-26,Bucharest,Romania,2,monopoly,0,0,0,25249,17103,2538,16.86,0.675,0.0429,2.95,1.71,434472.0,0.9695
40,2022-10-03,Bucharest,Romania,2,monopoly,0,0,0,28750,17697,3052,16.37,0.667,0.0473,2.92,1.54,478814.0,0.9823
41,2022-10-10,Bucharest,Romania,2,monopoly,0,0,0,28065,17720,2183,16.84,0.68,0.0542,2.96,1.62,481227.0,0.9966
42,2022-10-17,Bucharest,Romania,2,monopoly,0,0,0,27467,18162,2299,16.77,0.685,0.0349,2.79,1.47,468631.0,0.9997
43,2022-10-24,Bucharest,Romania,2,monopoly,0,0,0,27468,18126,2351,16.88,0.677,0.0481,2.62,1.46,471599.0,0.9985
44,2022-10-31,Bucharest,Romania,2,monopoly,0,0,0,26908,17568,2796,16.21,0.684,0.0447,2.9,1.43,443715.0,0.9957
45,2022-11-07,Bucharest,Romania,2,monopoly,0,0,0,27456,17835,2420,16.93,0.678,0.0404,2.78,1.65,473658.0,0.981
46,2022-11-14,Bucharest,Romania,2,monopoly,0,0,0,25466,17518,2315,16.51,0.683,0.044,2.81,1.37,427644.0,0.9797
47,2022-11-21,Bucharest,Romania,2,monopoly,0,0,0,27538,17446,2219,17.02,0.673,0.0379,3.02,1.38,475919.0,0.9817
48,2022-11-28,Bucharest,Romania,2,monopoly,0,0,0,26981,17682,2996,17.0,0.67,0.0444,3.1,1.56,466952.0,0.9998
49,2022-12-05,Bucharest,Romania,2,monopoly,0,0,0,31187,19543,2580,16.82,0.662,0.0403,2.75,1.51,533418.0,1.0036
50,2022-12-12,Bucharest,Romania,2,monopoly,0,0,0,29460,19337,2788,16.73,0.695,0.0421,2.9,1.55,501858.0,0.983
51,2022-12-19,Bucharest,Romania,2,monopoly,0,0,0,31012,19827,2678,16.66,0.682,0.0391,2.68,1.49,525523.0,0.9925
52,2022-12-26,Bucharest,Romania,2,monopoly,0,0,0,30138,20650,3383,17.12,0.683,0.0455,2.81,1.55,525565.0,0.9909
53,2023-01-02,Bucharest,Romania,2,monopoly,0,0,0,29471,19749,2870,16.51,0.67,0.0468,2.76,1.52,495572.0,0.9866
54,2023-01-09,Bucharest,Romania,2,monopoly,0,0,0,29889,19317,2981,17.29,0.674,0.042,2.67,1.54,525705.0,0.998
55,2023-01-16,Bucharest,Romania,2,monopoly,0,0,0,27240,17992,2219,16.99,0.671,0.0455,2.91,1.4,470364.0,0.9697
56,2023-01-23,Bucharest,Romania,2,monopoly,0,0,0,29841,18585,2923,17.11,0.674,0.044,2.77,1.5,518943.0,1.0168
57,2023-01-30,Bucharest,Romania,2,monopoly,0,0,0,29937,18065,3116,16.76,0.686,0.0343,2.7,1.38,509223.0,1.0017
58,2023-02-06,Bucharest,Romania,2,monopoly,0,0,0,27302,18890,2582,16.66,0.688,0.0445,3.02,1.51,463408.0,0.9977
59,2023-02-13,Bucharest,Romania,2,monopoly,0,0,0,31035,19173,3128,16.83,0.652,0.0426,3.0,1.51,531004.0,1.0021
60,2023-02-20,Bucharest,Romania,2,monopoly,0,0,0,27817,19169,2412,16.91,0.627,0.0501,2.73,1.45,478724.0,1.0121
61,2023-02-27,Bucharest,Romania,2,monopoly,0,0,0,31129,18935,2831,16.39,0.673,0.0471,2.74,1.72,519975.0,1.0026
62,2023-03-06,Bucharest,Romania,2,monopoly,0,0,0,29326,19236,2654,16.7,0.663,0.0497,2.74,1.51,498458.0,0.9997
63,2023-03-13,Bucharest,Romania,2,monopoly,0,0,0,28364,19051,2525,16.61,0.683,0.0513,2.92,1.43,479299.0,0.9876
64,2023-03-20,Bucharest,Romania,2,monopoly,0,0,0,30052,18932,2417,17.17,0.691,0.0499,2.63,1.48,524399.0,0.9788
65,2023-03-27,Bucharest,Romania,2,monopoly,0,0,0,30206,19419,2951,16.05,0.652,0.0545,2.98,1.47,493370.0,0.9951
66,2023-04-03,Bucharest,Romania,2,monopoly,0,0,0,32196,21144,2780,16.83,0.663,0.0517,2.82,1.56,551754.0,1.0118
67,2023-04-10,Bucharest,Romania,2,monopoly,0,0,0,32772,20411,2897,16.92,0.661,0.04,2.61,1.53,563871.0,1.0069
68,2023-04-17,Bucharest,Romania,2,monopoly,0,0,0,31424,21314,3461,16.75,0.678,0.0535,2.97,1.43,535496.0,1.0155
69,2023-04-24,Bucharest,Romania,2,monopoly,0,0,0,31774,20165,2632,16.68,0.686,0.0468,2.85,1.59,539609.0,1.014
70,2023-05-01,Bucharest,Romania,2,monopoly,0,0,0,28735,19960,2696,16.62,0.703,0.053,2.73,1.55,486857.0,1.002
71,2023-05-08,Bucharest,Romania,2,monopoly,0,0,0,30803,20125,3453,17.13,0.667,0.0453,2.85,1.62,537436.0,1.0053
72,2023-05-15,Bucharest,Romania,2,monopoly,0,0,0,31056,20792,3309,17.11,0.66,0.0461,2.86,1.44,540350.0,1.0204
73,2023-05-22,Bucharest,Romania,2,monopoly,0,0,0,30953,19909,3212,17.17,0.68,0.0539,2.78,1.41,539885.0,1.0128
74,2023-05-29,Bucharest,Romania,2,monopoly,0,0,0,32796,20599,2643,17.01,0.681,0.0499,2.95,1.47,566944.0,1.0256
75,2023-06-05,Bucharest,Romania,2,monopoly,0,0,0,30997,20408,3318,16.74,0.669,0.0501,2.74,1.42,527584.0,0.9878
76,2023-06-12,Bucharest,Romania,2,monopoly,0,0,0,32022,19978,3513,17.23,0.68,0.0513,2.85,1.41,560190.0,1.0011
77,2023-06-19,Bucharest,Romania,2,monopoly,0,0,0,32314,20814,2889,17.03,0.657,0.0492,2.91,1.42,559174.0,1.0017
78,2023-06-26,Bucharest,Romania,2,monopoly,0,1,0,31316,19007,2969,16.73,0.654,0.0376,2.92,1.45,532185.0,0.9978
79,2023-07-03,Bucharest,Romania,2,monopoly,0,1,0,30630,20014,2530,16.91,0.68,0.0279,2.64,1.48,526840.0,0.9996
80,2023-07-10,Bucharest,Romania,2,monopoly,0,1,0,28331,19694,2527,16.57,0.687,0.0428,2.79,1.5,478307.0,0.9779
81,2023-07-17,Bucharest,Romania,2,monopoly,0,1,0,30281,19694,2522,16.87,0.67,0.0486,2.66,1.56,520057.0,0.9832
82,2023-07-24,Bucharest,Romania,2,monopoly,0,1,0,29242,19661,3213,16.58,0.667,0.0493,2.95,1.51,493739.0,0.993
83,2023-07-31,Bucharest,Romania,2,monopoly,0,1,0,30048,19565,3721,16.67,0.675,0.0537,2.8,1.4,509117.0,1.0117
84,2023-08-07,Bucharest,Romania,2,monopoly,0,1,0,28889,19694,2829,16.61,0.685,0.0455,2.92,1.68,489772.0,1.0019
85,2023-08-14,Bucharest,Romania,2,monopoly,0,1,0,30015,19798,3572,16.52,0.641,0.039,2.82,1.57,505173.0,0.9923
86,2023-08-21,Bucharest,Romania,2,monopoly,0,1,0,30638,19211,2433,16.94,0.685,0.0645,2.74,1.53,527826.0,0.9895
87,2023-08-28,Bucharest,Romania,2,monopoly,0,1,0,29907,20368,2689,16.94,0.693,0.0482,2.48,1.35,514874.0,1.0032
88,2023-09-04,Bucharest,Romania,2,monopoly,0,1,0,30934,19985,3703,16.91,0.672,0.043,2.79,1.52,532207.0,1.0057
89,2023-09-11,Bucharest,Romania,2,monopoly,0,1,0,30689,20311,3525,16.6,0.651,0.0454,2.7,1.43,518151.0,0.9979
90,2023-09-18,Bucharest,Romania,2,monopoly,0,1,0,31052,19866,2997,16.64,0.68,0.0408,2.82,1.47,525466.0,1.0043
91,2023-09-25,Bucharest,Romania,2,monopoly,0,1,0,30001,19401,3401,16.95,0.657,0.048,2.62,1.48,517131.0,1.0038
92,2023-10-02,Bucharest,Romania,2,monopoly,0,1,0,29844,20174,2917,16.35,0.643,0.0406,2.84,1.52,497149.0,1.0132
93,2023-10-09,Bucharest,Romania,2,monopoly,0,1,0,28952,19573,2586,16.85,0.655,0.0453,2.88,1.52,496766.0,1.0008
94,2023-10-16,Bucharest,Romania,2,monopoly,0,1,0,29388,19775,3104,16.66,0.679,0.0547,2.93,1.44,498147.0,0.9969
95,2023-10-23,Bucharest,Romania,2,monopoly,0,1,0,28997,19250,2438,16.94,0.68,0.0569,2.68,1.5,499872.0,0.9937
96,2023-10-30,Bucharest,Romania,2,monopoly,0,1,0,30264,19326,2769,16.74,0.676,0.0544,3.0,1.55,515606.0,0.9798
97,2023-11-06,Bucharest,Romania,2,monopoly,0,1,0,29550,18785,2622,16.69,0.692,0.0559,2.71,1.48,501530.0,0.9901
98,2023-11-13,Bucharest,Romania,2,monopoly,0,1,0,30879,19547,2788,17.15,0.671,0.0477,2.93,1.56,538723.0,0.9965
99,2023-11-20,Bucharest,Romania,2,monopoly,0,1,0,29996,19692,3191,16.57,0.675,0.0428,2.86,1.53,506072.0,0.9978
100,2023-11-27,Bucharest,Romania,2,monopoly,0,1,0,30127,19951,3319,16.5,0.655,0.0401,2.83,1.54,506313.0,0.996
101,2023-12-04,Bucharest,Romania,2,monopoly,0,1,0,30366,21272,3095,17.52,0.672,0.0522,2.82,1.44,541202.0,0.9818
102,2023-12-11,Bucharest,Romania,2,monopoly,0,1,0,34355,21315,3334,16.88,0.657,0.0379,2.89,1.6,590144.0,0.9835
103,2023-12-18,Bucharest,Romania,2,monopoly,0,1,0,33042,22272,3583,16.73,0.669,0.0479,2.77,1.46,562548.0,0.9855
104,2023-12-25,Bucharest,Romania,2,monopoly,0,1,0,33349,21811,2593,17.02,0.662,0.0455,2.68,1.5,577415.0,0.9818
1,2022-01-03,Kyiv,Ukraine,2,monopoly,0,0,0,46007,30583,4026,13.68,0.671,0.0478,2.71,1.55,643597.0,1.0055
2,2022-01-10,Kyiv,Ukraine,2,monopoly,0,0,0,46347,29599,4579,13.58,0.695,0.0359,2.64,1.5,642712.0,1.002
3,2022-01-17,Kyiv,Ukraine,2,monopoly,0,0,0,40028,28635,4506,13.39,0.659,0.047,2.79,1.58,549548.0,1.0084
4,2022-01-24,Kyiv,Ukraine,2,monopoly,0,0,0,47557,29645,5059,13.05,0.679,0.0438,2.89,1.46,633603.0,1.0222
5,2022-01-31,Kyiv,Ukraine,2,monopoly,0,0,0,45321,29472,3568,13.22,0.686,0.0483,2.83,1.49,612318.0,1.0119
6,2022-02-07,Kyiv,Ukraine,2,monopoly,0,0,0,44085,29701,3664,13.52,0.687,0.0586,2.89,1.48,609216.0,1.0051
7,2022-02-14,Kyiv,Ukraine,2,monopoly,0,0,0,47529,31273,4236,13.18,0.654,0.0367,2.84,1.52,640693.0,1.0207
8,2022-02-21,Kyiv,Ukraine,2,monopoly,0,0,0,44715,30829,4027,13.58,0.663,0.0561,2.96,1.51,621195.0,1.0219
9,2022-02-28,Kyiv,Ukraine,2,monopoly,0,0,0,46594,30060,4412,13.12,0.684,0.0534,3.03,1.52,625021.0,1.0091
10,2022-03-07,Kyiv,Ukraine,2,monopoly,0,0,0,46233,31301,4285,13.42,0.681,0.0323,2.55,1.53,634814.0,1.0119
11,2022-03-14,Kyiv,Ukraine,2,monopoly,0,0,0,42229,29769,5241,13.66,0.668,0.0343,2.55,1.5,590244.0,1.0026
12,2022-03-21,Kyiv,Ukraine,2,monopoly,0,0,0,44885,29032,4115,13.83,0.655,0.0492,2.81,1.55,634259.0,0.9966
13,2022-03-28,Kyiv,Ukraine,2,monopoly,0,0,0,43964,30427,5387,13.43,0.671,0.0309,2.83,1.41,603307.0,1.0004
14,2022-04-04,Kyiv,Ukraine,2,monopoly,0,0,0,49795,32468,5738,13.6,0.687,0.0499,2.85,1.63,693089.0,0.9792
15,2022-04-11,Kyiv,Ukraine,2,monopoly,0,0,0,48478,30497,5717,13.6,0.673,0.0527,2.59,1.5,673024.0,0.9675
16,2022-04-18,Kyiv,Ukraine,2,monopoly,0,0,0,47108,30773,4790,13.69,0.656,0.0409,2.83,1.56,659310.0,0.9727
17,2022-04-25,Kyiv,Ukraine,2,monopoly,0,0,0,44568,30804,5631,13.49,0.665,0.055,2.82,1.48,614899.0,0.9711
18,2022-05-02,Kyiv,Ukraine,2,monopoly,0,0,0,46965,30710,5485,13.41,0.672,0.0473,2.71,1.4,642699.0,0.9847
19,2022-05-09,Kyiv,Ukraine,2,monopoly,0,0,0,47859,30422,3767,13.49,0.667,0.0471,3.03,1.43,658669.0,0.9801
20,2022-05-16,Kyiv,Ukraine,2,monopoly,0,0,0,43485,28126,4413,13.72,0.665,0.0453,3.11,1.54,609608.0,0.9132
21,2022-05-23,Kyiv,Ukraine,2,monopoly,0,0,0,46244,29633,4926,13.35,0.67,0.0402,2.96,1.43,630070.0,0.9677
22,2022-05-30,Kyiv,Ukraine,2,monopoly,0,0,0,50444,32493,5563,13.39,0.674,0.0361,2.95,1.46,689677.0,0.996
23,2022-06-06,Kyiv,Ukraine,2,monopoly,0,0,0,47051,31634,4291,13.4,0.644,0.0497,2.76,1.49,644624.0,0.9981
24,2022-06-13,Kyiv,Ukraine,2,monopoly,0,0,0,47125,32515,5747,13.6,0.677,0.0483,3.01,1.53,655824.0,0.9831
25,2022-06-20,Kyiv,Ukraine,2,monopoly,0,0,0,48151,32507,4639,13.5,0.665,0.0353,2.91,1.6,665642.0,0.983
26,2022-06-27,Kyiv,Ukraine,2,monopoly,0,0,0,45487,31724,5522,13.45,0.659,0.0514,2.88,1.44,625505.0,0.9902
27,2022-07-04,Kyiv,Ukraine,2,monopoly,0,0,0,46422,31368,5298,13.56,0.654,0.0524,2.39,1.56,644163.0,0.981
28,2022-07-11,Kyiv,Ukraine,2,monopoly,0,0,0,46690,31713,4137,13.45,0.683,0.0473,2.89,1.58,643012.0,0.9918
29,2022-07-18,Kyiv,Ukraine,2,monopoly,0,0,0,45306,30742,5181,13.54,0.645,0.0493,2.8,1.57,627923.0,0.988
30,2022-07-25,Kyiv,Ukraine,2,monopoly,0,0,0,45890,30010,5050,13.49,0.683,0.0446,2.54,1.62,633641.0,0.989
31,2022-08-01,Kyiv,Ukraine,2,monopoly,0,0,0,48590,28592,4333,13.25,0.643,0.0417,2.86,1.52,656855.0,0.9862
32,2022-08-08,Kyiv,Ukraine,2,monopoly,0,0,0,47283,30160,4694,13.41,0.677,0.0487,2.71,1.51,647728.0,1.0114
33,2022-08-15,Kyiv,Ukraine,2,monopoly,0,0,0,45615,30630,4759,13.72,0.694,0.0496,2.79,1.52,639805.0,1.0073
34,2022-08-22,Kyiv,Ukraine,2,monopoly,0,0,0,47164,31342,4206,13.38,0.635,0.0493,2.73,1.41,644312.0,0.9931
35,2022-08-29,Kyiv,Ukraine,2,monopoly,0,0,0,45759,31045,3942,13.37,0.665,0.045,2.86,1.37,624557.0,1.0046
36,2022-09-05,Kyiv,Ukraine,2,monopoly,0,0,0,45903,31258,4674,13.29,0.621,0.0513,2.84,1.52,624305.0,0.9895
37,2022-09-12,Kyiv,Ukraine,2,monopoly,0,0,0,43736,32184,3894,13.77,0.689,0.0611,2.78,1.51,616824.0,0.9955
38,2022-09-19,Kyiv,Ukraine,2,monopoly,0,0,0,45349,29538,3674,13.63,0.662,0.0406,2.9,1.43,630779.0,0.9755
39,2022-09-26,Kyiv,Ukraine,2,monopoly,0,0,0,40591,29240,5258,13.35,0.654,0.0547,2.86,1.51,555136.0,0.9695
40,2022-10-03,Kyiv,Ukraine,2,monopoly,0,0,0,47398,29880,3987,13.7,0.654,0.0476,2.68,1.48,662619.0,0.9823
41,2022-10-10,Kyiv,Ukraine,2,monopoly,0,0,0,43706,29649,3967,13.63,0.681,0.0436,2.7,1.46,608699.0,0.9966
42,2022-10-17,Kyiv,Ukraine,2,monopoly,0,0,0,46377,30445,4131,13.26,0.666,0.0466,2.81,1.45,628203.0,0.9997
43,2022-10-24,Kyiv,Ukraine,2,monopoly,0,0,0,45737,30601,3712,13.75,0.679,0.0546,2.59,1.44,642103.0,0.9985
44,2022-10-31,Kyiv,Ukraine,2,monopoly,0,0,0,46415,29738,3739,13.48,0.687,0.0396,2.78,1.61,640038.0,0.9957
45,2022-11-07,Kyiv,Ukraine,2,monopoly,0,0,0,45225,29144,3807,13.56,0.656,0.0441,2.92,1.43,625754.0,0.981
46,2022-11-14,Kyiv,Ukraine,2,monopoly,0,0,0,46779,29937,4808,13.37,0.668,0.043,2.93,1.52,639087.0,0.9797
47,2022-11-21,Kyiv,Ukraine,2,monopoly,0,0,0,45490,30128,4611,13.43,0.678,0.0518,2.89,1.39,623494.0,0.9817
48,2022-11-28,Kyiv,Ukraine,2,monopoly,0,0,0,45231,30902,5128,13.68,0.674,0.0427,2.66,1.64,633964.0,0.9998
49,2022-12-05,Kyiv,Ukraine,2,monopoly,0,0,0,50213,34021,3939,13.53,0.699,0.0459,2.83,1.58,695508.0,1.0036
50,2022-12-12,Kyiv,Ukraine,2,monopoly,0,0,0,50499,31632,4854,13.76,0.671,0.0405,2.71,1.4,708152.0,0.983
51,2022-12-19,Kyiv,Ukraine,2,monopoly,0,0,0,52770,32957,4498,13.6,0.683,0.0413,2.7,1.43,731811.0,0.9925
52,2022-12-26,Kyiv,Ukraine,2,monopoly,0,0,0,54225,35198,5993,13.57,0.677,0.0344,3.02,1.61,752834.0,0.9909
53,2023-01-02,Kyiv,Ukraine,2,monopoly,0,0,0,50508,32893,4915,13.66,0.664,0.0439,2.62,1.4,703754.0,0.9866
54,2023-01-09,Kyiv,Ukraine,2,monopoly,0,0,0,50315,33594,4351,13.43,0.674,0.0373,2.83,1.51,690949.0,0.998
55,2023-01-16,Kyiv,Ukraine,2,monopoly,0,0,0,48823,29840,4605,13.27,0.66,0.0433,2.64,1.49,661220.0,0.9697
56,2023-01-23,Kyiv,Ukraine,2,monopoly,0,0,0,49645,32228,4828,13.11,0.658,0.0564,2.87,1.57,666025.0,1.0168
57,2023-01-30,Kyiv,Ukraine,2,monopoly,0,0,0,49750,32010,4871,13.49,0.673,0.0529,2.52,1.5,685532.0,1.0017
58,2023-02-06,Kyiv,Ukraine,2,monopoly,0,0,0,45810,31157,4800,13.52,0.679,0.0494,2.61,1.57,634026.0,0.9977
59,2023-02-13,Kyiv,Ukraine,2,monopoly,0,0,0,53359,33485,5306,13.74,0.665,0.0536,2.87,1.47,747920.0,1.0021
60,2023-02-20,Kyiv,Ukraine,2,monopoly,0,0,0,49077,33500,4819,13.73,0.689,0.0465,2.66,1.43,688199.0,1.0121
61,2023-02-27,Kyiv,Ukraine,2,monopoly,0,0,0,51481,32976,4591,13.44,0.672,0.0431,2.8,1.68,708525.0,1.0026
62,2023-03-06,Kyiv,Ukraine,2,monopoly,0,0,0,51592,31562,5616,13.71,0.686,0.0451,2.75,1.5,721529.0,0.9997
63,2023-03-13,Kyiv,Ukraine,2,monopoly,0,0,0,48762,34414,4559,13.48,0.669,0.0555,2.54,1.59,673727.0,0.9876
64,2023-03-20,Kyiv,Ukraine,2,monopoly,0,0,0,50709,33499,6190,13.63,0.686,0.0512,2.71,1.51,706339.0,0.9788
65,2023-03-27,Kyiv,Ukraine,2,monopoly,0,0,0,50868,34254,5035,13.51,0.674,0.0482,2.58,1.58,703463.0,0.9951
66,2023-04-03,Kyiv,Ukraine,2,monopoly,0,0,0,56155,34948,4859,13.54,0.668,0.0432,2.94,1.57,776799.0,1.0118
67,2023-04-10,Kyiv,Ukraine,2,monopoly,0,0,0,54887,34845,5434,13.52,0.634,0.0489,2.78,1.44,757125.0,1.0069
68,2023-04-17,Kyiv,Ukraine,2,monopoly,0,0,0,54278,36462,5556,13.53,0.681,0.0443,2.86,1.54,751227.0,1.0155
69,2023-04-24,Kyiv,Ukraine,2,monopoly,0,0,0,51910,35759,4808,13.27,0.658,0.0293,2.83,1.49,704830.0,1.014
70,2023-05-01,Kyiv,Ukraine,2,monopoly,0,0,0,53776,34835,5903,13.59,0.682,0.0361,2.81,1.46,746074.0,1.002
71,2023-05-08,Kyiv,Ukraine,2,monopoly,0,0,0,51580,35484,5732,13.47,0.659,0.0461,2.7,1.44,710112.0,1.0053
72,2023-05-15,Kyiv,Ukraine,2,monopoly,0,0,0,53165,35762,5535,13.27,0.684,0.0519,2.63,1.46,721163.0,1.0204
73,2023-05-22,Kyiv,Ukraine,2,monopoly,0,0,0,53149,35225,4702,13.51,0.676,0.0639,2.77,1.5,733894.0,1.0128
74,2023-05-29,Kyiv,Ukraine,2,monopoly,0,0,0,53063,35118,4349,13.54,0.658,0.0509,2.91,1.53,734592.0,1.0256
75,2023-06-05,Kyiv,Ukraine,2,monopoly,0,0,0,52564,33562,5662,13.59,0.691,0.0611,2.8,1.45,728944.0,0.9878
76,2023-06-12,Kyiv,Ukraine,2,monopoly,0,0,0,53168,34468,5154,13.46,0.659,0.0388,2.73,1.62,732393.0,1.0011
77,2023-06-19,Kyiv,Ukraine,2,monopoly,0,0,0,49967,34002,5685,13.46,0.688,0.0552,2.73,1.53,688163.0,1.0017
78,2023-06-26,Kyiv,Ukraine,2,monopoly,0,1,0,51700,34488,5128,13.73,0.681,0.0485,2.8,1.68,727223.0,0.9978
79,2023-07-03,Kyiv,Ukraine,2,monopoly,0,1,0,49361,35752,6490,13.5,0.66,0.0548,2.65,1.58,683320.0,0.9996
80,2023-07-10,Kyiv,Ukraine,2,monopoly,0,1,0,50743,33384,5644,13.22,0.668,0.0424,2.62,1.49,685745.0,0.9779
81,2023-07-17,Kyiv,Ukraine,2,monopoly,0,1,0,48526,34875,6340,13.74,0.658,0.0441,2.7,1.43,681709.0,0.9832
82,2023-07-24,Kyiv,Ukraine,2,monopoly,0,1,0,46423,32892,5333,13.54,0.671,0.0532,2.67,1.46,642974.0,0.993
83,2023-07-31,Kyiv,Ukraine,2,monopoly,0,1,0,51290,31447,4350,13.56,0.68,0.0443,2.91,1.43,708983.0,1.0117
84,2023-08-07,Kyiv,Ukraine,2,monopoly,0,1,0,53082,33432,4384,13.55,0.674,0.0445,2.77,1.45,733804.0,1.0019
85,2023-08-14,Kyiv,Ukraine,2,monopoly,0,1,0,50246,32578,4309,13.75,0.666,0.0513,2.83,1.55,706031.0,0.9923
86,2023-08-21,Kyiv,Ukraine,2,monopoly,0,1,0,51575,33818,4657,13.27,0.687,0.0434,2.69,1.47,699314.0,0.9895
87,2023-08-28,Kyiv,Ukraine,2,monopoly,0,1,0,47687,32594,5600,13.7,0.657,0.0557,2.79,1.49,667881.0,1.0032
88,2023-09-04,Kyiv,Ukraine,2,monopoly,0,1,0,50259,34036,6023,13.21,0.669,0.0537,2.75,1.42,678421.0,1.0057
89,2023-09-11,Kyiv,Ukraine,2,monopoly,0,1,0,53486,33712,5861,13.37,0.696,0.0426,3.31,1.5,730278.0,0.9979
90,2023-09-18,Kyiv,Ukraine,2,monopoly,0,1,0,53656,33861,4498,13.67,0.661,0.0472,2.72,1.5,748715.0,1.0043
91,2023-09-25,Kyiv,Ukraine,2,monopoly,0,1,0,53051,33968,4351,13.46,0.673,0.0409,2.56,1.49,729250.0,1.0038
92,2023-10-02,Kyiv,Ukraine,2,monopoly,0,1,0,51842,35577,6187,13.47,0.663,0.0511,2.91,1.59,715282.0,1.0132
93,2023-10-09,Kyiv,Ukraine,2,monopoly,0,1,0,51043,33270,5688,13.67,0.658,0.0345,2.63,1.38,711532.0,1.0008
94,2023-10-16,Kyiv,Ukraine,2,monopoly,0,1,0,49412,32906,4171,13.21,0.655,0.049,2.93,1.45,667047.0,0.9969
95,2023-10-23,Kyiv,Ukraine,2,monopoly,0,1,0,49438,31847,4198,13.54,0.648,0.0421,2.92,1.55,684199.0,0.9937
96,2023-10-30,Kyiv,Ukraine,2,monopoly,0,1,0,49417,32949,5390,13.86,0.655,0.0423,2.68,1.54,700142.0,0.9798
97,2023-11-06,Kyiv,Ukraine,2,monopoly,0,1,0,49327,32749,5579,13.62,0.646,0.0506,2.63,1.56,687160.0,0.9901
98,2023-11-13,Kyiv,Ukraine,2,monopoly,0,1,0,49442,33918,4352,13.22,0.674,0.0264,2.59,1.51,668988.0,0.9965
99,2023-11-20,Kyiv,Ukraine,2,monopoly,0,1,0,50666,34085,5591,13.8,0.683,0.0471,2.78,1.51,714631.0,0.9978
100,2023-11-27,Kyiv,Ukraine,2,monopoly,0,1,0,52825,32256,3601,13.42,0.666,0.0611,2.94,1.44,722846.0,0.996
101,2023-12-04,Kyiv,Ukraine,2,monopoly,0,1,0,57806,35393,4810,13.6,0.709,0.0522,2.68,1.5,802088.0,0.9818
102,2023-12-11,Kyiv,Ukraine,2,monopoly,0,1,0,55072,35989,5139,13.4,0.651,0.0404,2.81,1.49,754052.0,0.9835
103,2023-12-18,Kyiv,Ukraine,2,monopoly,0,1,0,58802,36780,5337,13.47,0.672,0.0455,2.77,1.5,808614.0,0.9855
104,2023-12-25,Kyiv,Ukraine,2,monopoly,0,1,0,55996,38976,5634,13.75,0.689,0.0642,2.68,1.52,787718.0,0.9818
1,2022-01-03,Sofia,Bulgaria,2,monopoly,0,0,0,19016,12745,1534,15.57,0.699,0.0532,2.87,1.44,301585.0,1.0055
2,2022-01-10,Sofia,Bulgaria,2,monopoly,0,0,0,18072,12847,2197,15.39,0.665,0.0439,3.21,1.56,284140.0,1.002
3,2022-01-17,Sofia,Bulgaria,2,monopoly,0,0,0,18065,11642,1519,15.24,0.661,0.0377,2.75,1.62,280969.0,1.0084
4,2022-01-24,Sofia,Bulgaria,2,monopoly,0,0,0,18016,12106,1752,15.24,0.648,0.0547,3.09,1.48,279939.0,1.0222
5,2022-01-31,Sofia,Bulgaria,2,monopoly,0,0,0,18057,12122,2154,15.16,0.648,0.0448,2.57,1.59,279526.0,1.0119
6,2022-02-07,Sofia,Bulgaria,2,monopoly,0,0,0,17928,12331,2296,15.41,0.66,0.0305,2.86,1.59,282152.0,1.0051
7,2022-02-14,Sofia,Bulgaria,2,monopoly,0,0,0,18702,12772,1873,15.26,0.687,0.0495,2.72,1.46,290987.0,1.0207
8,2022-02-21,Sofia,Bulgaria,2,monopoly,0,0,0,19621,12382,1580,15.27,0.689,0.044,2.8,1.52,305259.0,1.0219
9,2022-02-28,Sofia,Bulgaria,2,monopoly,0,0,0,18910,12151,2134,15.0,0.656,0.0425,2.88,1.49,289081.0,1.0091
10,2022-03-07,Sofia,Bulgaria,2,monopoly,0,0,0,18585,12296,1541,15.28,0.675,0.0457,2.74,1.52,289586.0,1.0119
11,2022-03-14,Sofia,Bulgaria,2,monopoly,0,0,0,17731,12635,1933,14.88,0.671,0.0439,2.75,1.55,269713.0,1.0026
12,2022-03-21,Sofia,Bulgaria,2,monopoly,0,0,0,18622,12351,2048,15.61,0.664,0.0624,2.8,1.39,295840.0,0.9966
13,2022-03-28,Sofia,Bulgaria,2,monopoly,0,0,0,18571,12200,1879,14.86,0.663,0.0512,3.06,1.57,281711.0,1.0004
14,2022-04-04,Sofia,Bulgaria,2,monopoly,0,0,0,18867,13362,1987,15.27,0.675,0.0422,2.59,1.58,294433.0,0.9792
15,2022-04-11,Sofia,Bulgaria,2,monopoly,0,0,0,19241,12712,2176,15.32,0.673,0.0378,2.64,1.4,300111.0,0.9675
16,2022-04-18,Sofia,Bulgaria,2,monopoly,0,0,0,19680,13202,2559,15.34,0.668,0.0519,2.73,1.58,308149.0,0.9727
17,2022-04-25,Sofia,Bulgaria,2,monopoly,0,0,0,18998,12574,2064,15.08,0.668,0.0422,2.66,1.42,291846.0,0.9711
18,2022-05-02,Sofia,Bulgaria,2,monopoly,0,0,0,19523,12603,2225,15.18,0.657,0.0503,2.77,1.48,301955.0,0.9847
19,2022-05-09,Sofia,Bulgaria,2,monopoly,0,0,0,19773,12413,1484,15.27,0.678,0.0566,3.05,1.6,307892.0,0.9801
20,2022-05-16,Sofia,Bulgaria,2,monopoly,0,0,0,18015,12126,2002,15.19,0.653,0.0504,2.89,1.49,279068.0,0.9132
21,2022-05-23,Sofia,Bulgaria,2,monopoly,0,0,0,18611,12573,1598,15.39,0.643,0.0451,2.58,1.43,291817.0,0.9677
22,2022-05-30,Sofia,Bulgaria,2,monopoly,0,0,0,19555,12669,1587,15.3,0.67,0.0525,2.76,1.47,304779.0,0.996
23,2022-06-06,Sofia,Bulgaria,2,monopoly,0,0,0,19806,13345,1980,14.72,0.669,0.051,2.78,1.52,297630.0,0.9981
24,2022-06-13,Sofia,Bulgaria,2,monopoly,0,0,0,17468,13029,1716,15.24,0.676,0.0413,2.85,1.54,272232.0,0.9831
25,2022-06-20,Sofia,Bulgaria,2,monopoly,0,0,0,19574,12969,1874,15.27,0.676,0.0437,2.63,1.5,304731.0,0.983
26,2022-06-27,Sofia,Bulgaria,2,monopoly,0,0,0,19948,12732,1840,15.52,0.662,0.0509,2.6,1.5,315322.0,0.9902
27,2022-07-04,Sofia,Bulgaria,2,monopoly,0,0,0,20465,12802,2165,15.79,0.675,0.0458,2.78,1.5,328903.0,0.981
28,2022-07-11,Sofia,Bulgaria,2,monopoly,0,0,0,19057,12711,1495,15.22,0.67,0.0515,2.91,1.39,295348.0,0.9918
29,2022-07-18,Sofia,Bulgaria,2,monopoly,0,0,0,19035,12439,2004,15.45,0.672,0.0385,2.86,1.47,299576.0,0.988
30,2022-07-25,Sofia,Bulgaria,2,monopoly,0,0,0,18426,12362,1722,15.16,0.645,0.0431,2.93,1.5,284901.0,0.989
31,2022-08-01,Sofia,Bulgaria,2,monopoly,0,0,0,18728,12498,2146,14.97,0.665,0.0446,2.87,1.48,285907.0,0.9862
32,2022-08-08,Sofia,Bulgaria,2,monopoly,0,0,0,18811,13254,1708,15.36,0.676,0.0444,2.66,1.5,294901.0,1.0114
33,2022-08-15,Sofia,Bulgaria,2,monopoly,0,0,0,19070,12817,2064,15.45,0.696,0.0452,3.06,1.45,300207.0,1.0073
34,2022-08-22,Sofia,Bulgaria,2,monopoly,0,0,0,18542,12548,1598,15.05,0.631,0.0617,3.02,1.41,284365.0,0.9931
35,2022-08-29,Sofia,Bulgaria,2,monopoly,0,0,0,20619,12832,2112,15.32,0.66,0.049,2.81,1.39,321234.0,1.0046
36,2022-09-05,Sofia,Bulgaria,2,monopoly,0,0,0,18960,12502,1587,15.38,0.657,0.0546,2.71,1.49,297193.0,0.9895
37,2022-09-12,Sofia,Bulgaria,2,monopoly,0,0,0,19081,12993,2188,15.27,0.683,0.0412,2.63,1.46,297058.0,0.9955
38,2022-09-19,Sofia,Bulgaria,2,monopoly,0,0,0,18517,12779,2165,15.3,0.661,0.0633,2.8,1.53,289176.0,0.9755
39,2022-09-26,Sofia,Bulgaria,2,monopoly,0,0,0,18167,12347,1644,15.42,0.66,0.0417,2.65,1.53,285802.0,0.9695
40,2022-10-03,Sofia,Bulgaria,2,monopoly,0,0,0,19541,12225,2079,14.97,0.676,0.0607,2.96,1.53,298140.0,0.9823
41,2022-10-10,Sofia,Bulgaria,2,monopoly,0,0,0,17931,12831,1667,15.04,0.691,0.049,2.93,1.55,275649.0,0.9966
42,2022-10-17,Sofia,Bulgaria,2,monopoly,0,0,0,19717,12411,1557,15.3,0.664,0.0402,2.99,1.51,307292.0,0.9997
43,2022-10-24,Sofia,Bulgaria,2,monopoly,0,0,0,18030,12777,2298,15.15,0.647,0.0351,2.96,1.52,278981.0,0.9985
44,2022-10-31,Sofia,Bulgaria,2,monopoly,0,0,0,18034,12472,1568,15.29,0.66,0.0562,2.8,1.54,281502.0,0.9957
45,2022-11-07,Sofia,Bulgaria,2,monopoly,0,0,0,16959,12267,1707,15.07,0.673,0.0429,2.72,1.48,261019.0,0.981
46,2022-11-14,Sofia,Bulgaria,2,monopoly,0,0,0,18669,12592,2243,15.49,0.68,0.0402,2.59,1.56,295076.0,0.9797
47,2022-11-21,Sofia,Bulgaria,2,monopoly,0,0,0,19385,12453,1878,15.09,0.663,0.0501,2.55,1.47,298011.0,0.9817
48,2022-11-28,Sofia,Bulgaria,2,monopoly,0,0,0,19758,13047,1967,15.13,0.677,0.039,2.98,1.44,304575.0,0.9998
49,2022-12-05,Sofia,Bulgaria,2,monopoly,0,0,0,21404,13699,2253,15.26,0.664,0.0398,2.63,1.46,332625.0,1.0036
50,2022-12-12,Sofia,Bulgaria,2,monopoly,0,0,0,20873,13486,2022,15.1,0.643,0.0457,2.66,1.55,321453.0,0.983
51,2022-12-19,Sofia,Bulgaria,2,monopoly,0,0,0,20140,14256,2465,14.81,0.656,0.052,2.61,1.6,305116.0,0.9925
52,2022-12-26,Sofia,Bulgaria,2,monopoly,0,0,0,21472,14535,2074,15.22,0.67,0.0338,2.94,1.45,333127.0,0.9909
53,2023-01-02,Sofia,Bulgaria,2,monopoly,0,0,0,21324,13855,2077,15.18,0.681,0.0472,3.01,1.46,329767.0,0.9866
54,2023-01-09,Sofia,Bulgaria,2,monopoly,0,0,0,22249,14067,1977,15.21,0.668,0.0421,2.89,1.42,344400.0,0.998
55,2023-01-16,Sofia,Bulgaria,2,monopoly,0,0,0,18449,12568,2087,15.18,0.673,0.0412,2.94,1.58,286013.0,0.9697
56,2023-01-23,Sofia,Bulgaria,2,monopoly,0,0,0,20984,13550,2430,15.51,0.692,0.0445,2.72,1.55,331763.0,1.0168
57,2023-01-30,Sofia,Bulgaria,2,monopoly,0,0,0,20210,13830,1750,15.27,0.659,0.0527,2.71,1.56,315079.0,1.0017
58,2023-02-06,Sofia,Bulgaria,2,monopoly,0,0,0,19782,13455,2420,14.94,0.675,0.0359,2.81,1.59,301961.0,0.9977
59,2023-02-13,Sofia,Bulgaria,2,monopoly,0,0,0,19898,14318,2026,15.12,0.675,0.0461,2.76,1.53,307430.0,1.0021
60,2023-02-20,Sofia,Bulgaria,2,monopoly,0,0,0,21686,14001,2379,15.45,0.655,0.0616,2.78,1.56,341601.0,1.0121
61,2023-02-27,Sofia,Bulgaria,2,monopoly,0,0,0,21189,13797,1803,15.26,0.663,0.0553,2.82,1.43,329263.0,1.0026
62,2023-03-06,Sofia,Bulgaria,2,monopoly,0,0,0,22177,14005,2107,15.01,0.671,0.0514,2.87,1.48,339095.0,0.9997
63,2023-03-13,Sofia,Bulgaria,2,monopoly,0,0,0,21337,13642,2155,15.0,0.669,0.036,2.81,1.52,326276.0,0.9876
64,2023-03-20,Sofia,Bulgaria,2,monopoly,0,0,0,21738,13559,2070,14.86,0.665,0.042,2.87,1.51,329169.0,0.9788
65,2023-03-27,Sofia,Bulgaria,2,monopoly,0,0,0,20185,13671,1793,15.09,0.668,0.0533,2.75,1.49,310703.0,0.9951
66,2023-04-03,Sofia,Bulgaria,2,monopoly,0,0,0,22997,15017,2240,15.55,0.669,0.0453,3.05,1.42,364001.0,1.0118
67,2023-04-10,Sofia,Bulgaria,2,monopoly,0,0,0,22854,14985,2373,15.31,0.67,0.0507,2.71,1.48,356548.0,1.0069
68,2023-04-17,Sofia,Bulgaria,2,monopoly,0,0,0,22926,15277,2463,14.96,0.673,0.0472,3.01,1.61,350352.0,1.0155
69,2023-04-24,Sofia,Bulgaria,2,monopoly,0,0,0,22806,14570,2346,15.04,0.674,0.0567,3.06,1.51,349602.0,1.014
70,2023-05-01,Sofia,Bulgaria,2,monopoly,0,0,0,21136,14245,1774,14.95,0.68,0.0514,2.6,1.43,322094.0,1.002
71,2023-05-08,Sofia,Bulgaria,2,monopoly,0,0,0,20632,14627,2075,15.26,0.682,0.0539,2.94,1.51,321470.0,1.0053
72,2023-05-15,Sofia,Bulgaria,2,monopoly,0,0,0,22468,14941,1846,15.53,0.677,0.0574,2.75,1.54,355831.0,1.0204
73,2023-05-22,Sofia,Bulgaria,2,monopoly,0,0,0,22329,15142,1963,15.08,0.673,0.0423,2.74,1.48,343444.0,1.0128
74,2023-05-29,Sofia,Bulgaria,2,monopoly,0,0,0,21217,15121,2612,15.42,0.666,0.0367,2.46,1.46,333789.0,1.0256
75,2023-06-05,Sofia,Bulgaria,2,monopoly,0,0,0,23335,14507,2037,14.9,0.67,0.0496,2.7,1.54,354394.0,0.9878
76,2023-06-12,Sofia,Bulgaria,2,monopoly,0,0,0,22587,14596,2614,15.03,0.687,0.0499,2.75,1.65,346708.0,1.0011
77,2023-06-19,Sofia,Bulgaria,2,monopoly,0,0,0,21309,14661,1897,15.47,0.677,0.0517,2.92,1.59,336644.0,1.0017
78,2023-06-26,Sofia,Bulgaria,2,monopoly,0,1,0,21707,14422,1849,15.4,0.681,0.0359,2.75,1.49,340734.0,0.9978
79,2023-07-03,Sofia,Bulgaria,2,monopoly,0,1,0,21333,14203,1989,14.93,0.686,0.0379,2.62,1.5,324893.0,0.9996
80,2023-07-10,Sofia,Bulgaria,2,monopoly,0,1,0,22122,14115,2434,15.54,0.686,0.0645,2.98,1.52,350212.0,0.9779
81,2023-07-17,Sofia,Bulgaria,2,monopoly,0,1,0,21817,14270,2400,15.46,0.67,0.0535,2.85,1.43,343413.0,0.9832
82,2023-07-24,Sofia,Bulgaria,2,monopoly,0,1,0,19863,13378,2115,15.14,0.641,0.0472,2.59,1.53,306866.0,0.993
83,2023-07-31,Sofia,Bulgaria,2,monopoly,0,1,0,20803,14425,2161,14.67,0.68,0.0499,2.87,1.44,311412.0,1.0117
84,2023-08-07,Sofia,Bulgaria,2,monopoly,0,1,0,20824,14103,2103,15.26,0.633,0.0487,2.59,1.45,323909.0,1.0019
85,2023-08-14,Sofia,Bulgaria,2,monopoly,0,1,0,22113,14273,1948,15.23,0.652,0.0516,2.84,1.57,343504.0,0.9923
86,2023-08-21,Sofia,Bulgaria,2,monopoly,0,1,0,21838,14253,2035,15.19,0.668,0.0539,2.73,1.5,338133.0,0.9895
87,2023-08-28,Sofia,Bulgaria,2,monopoly,0,1,0,22185,14655,1902,15.33,0.696,0.0575,2.71,1.37,346119.0,1.0032
88,2023-09-04,Sofia,Bulgaria,2,monopoly,0,1,0,21888,14046,1887,15.14,0.671,0.0509,2.92,1.59,338084.0,1.0057
89,2023-09-11,Sofia,Bulgaria,2,monopoly,0,1,0,22583,14540,1820,15.1,0.662,0.0429,2.95,1.61,348026.0,0.9979
90,2023-09-18,Sofia,Bulgaria,2,monopoly,0,1,0,21934,14475,2540,15.27,0.68,0.0398,2.44,1.6,341880.0,1.0043
91,2023-09-25,Sofia,Bulgaria,2,monopoly,0,1,0,21843,14439,1670,15.07,0.665,0.0498,2.63,1.49,335628.0,1.0038
92,2023-10-02,Sofia,Bulgaria,2,monopoly,0,1,0,22673,14972,2559,15.44,0.647,0.0411,2.9,1.5,356809.0,1.0132
93,2023-10-09,Sofia,Bulgaria,2,monopoly,0,1,0,21732,14308,2479,15.1,0.664,0.0508,2.86,1.49,334549.0,1.0008
94,2023-10-16,Sofia,Bulgaria,2,monopoly,0,1,0,21813,14070,1920,15.3,0.692,0.0523,2.82,1.46,339902.0,0.9969
95,2023-10-23,Sofia,Bulgaria,2,monopoly,0,1,0,21693,13922,2342,15.48,0.677,0.0403,2.76,1.41,341697.0,0.9937
96,2023-10-30,Sofia,Bulgaria,2,monopoly,0,1,0,21097,13628,2145,15.22,0.665,0.0498,3.1,1.6,327638.0,0.9798
97,2023-11-06,Sofia,Bulgaria,2,monopoly,0,1,0,20965,14043,1811,15.23,0.671,0.0472,2.73,1.52,325701.0,0.9901
98,2023-11-13,Sofia,Bulgaria,2,monopoly,0,1,0,20870,14281,1963,15.16,0.667,0.0512,2.68,1.4,322387.0,0.9965
99,2023-11-20,Sofia,Bulgaria,2,monopoly,0,1,0,20249,14189,2363,15.36,0.651,0.0542,2.93,1.53,317537.0,0.9978
100,2023-11-27,Sofia,Bulgaria,2,monopoly,0,1,0,22397,14123,1858,15.28,0.661,0.039,2.64,1.5,348582.0,0.996
101,2023-12-04,Sofia,Bulgaria,2,monopoly,0,1,0,22869,15396,2208,14.77,0.671,0.0416,2.85,1.47,344565.0,0.9818
102,2023-12-11,Sofia,Bulgaria,2,monopoly,0,1,0,23613,15048,2765,15.2,0.672,0.0389,2.92,1.47,365554.0,0.9835
103,2023-12-18,Sofia,Bulgaria,2,monopoly,0,1,0,24525,15846,2523,14.95,0.652,0.0398,2.61,1.6,374255.0,0.9855
104,2023-12-25,Sofia,Bulgaria,2,monopoly,0,1,0,23048,16134,2142,15.5,0.663,0.0453,2.71,1.55,364746.0,0.9818
1,2022-01-03,Belgrade,Serbia,2,monopoly,0,0,0,17283,11502,1614,15.66,0.645,0.0457,2.67,1.55,276000.0,1.0055
2,2022-01-10,Belgrade,Serbia,2,monopoly,0,0,0,16839,11571,1798,16.03,0.69,0.0502,2.7,1.47,275032.0,1.002
3,2022-01-17,Belgrade,Serbia,2,monopoly,0,0,0,17201,10954,1775,15.73,0.694,0.0515,2.96,1.6,275830.0,1.0084
4,2022-01-24,Belgrade,Serbia,2,monopoly,0,0,0,16460,11227,1267,15.65,0.678,0.0353,2.86,1.59,262954.0,1.0222
5,2022-01-31,Belgrade,Serbia,2,monopoly,0,0,0,17124,10936,1803,15.71,0.675,0.0486,2.64,1.62,274333.0,1.0119
6,2022-02-07,Belgrade,Serbia,2,monopoly,0,0,0,16322,10802,1885,15.9,0.688,0.0503,2.73,1.55,264543.0,1.0051
7,2022-02-14,Belgrade,Serbia,2,monopoly,0,0,0,16703,11658,1855,16.18,0.64,0.0473,2.74,1.36,275011.0,1.0207
8,2022-02-21,Belgrade,Serbia,2,monopoly,0,0,0,16919,11455,1494,15.68,0.69,0.0475,2.93,1.45,270273.0,1.0219
9,2022-02-28,Belgrade,Serbia,2,monopoly,0,0,0,17470,11587,1460,15.66,0.684,0.0374,2.55,1.5,278794.0,1.0091
10,2022-03-07,Belgrade,Serbia,2,monopoly,0,0,0,16797,11317,1501,16.21,0.654,0.044,2.68,1.58,277644.0,1.0119
11,2022-03-14,Belgrade,Serbia,2,monopoly,0,0,0,17075,11441,1938,16.22,0.66,0.0455,2.81,1.57,282345.0,1.0026
12,2022-03-21,Belgrade,Serbia,2,monopoly,0,0,0,17991,11395,2102,15.63,0.693,0.047,3.16,1.53,286430.0,0.9966
13,2022-03-28,Belgrade,Serbia,2,monopoly,0,0,0,17401,11723,2123,15.63,0.671,0.034,2.99,1.58,277534.0,1.0004
14,2022-04-04,Belgrade,Serbia,2,monopoly,0,0,0,18798,11817,1549,15.87,0.659,0.0413,2.59,1.56,303855.0,0.9792
15,2022-04-11,Belgrade,Serbia,2,monopoly,0,0,0,17707,11383,1876,15.87,0.67,0.0429,2.78,1.28,285381.0,0.9675
16,2022-04-18,Belgrade,Serbia,2,monopoly,0,0,0,17977,12272,2005,16.01,0.683,0.061,2.9,1.6,293702.0,0.9727
17,2022-04-25,Belgrade,Serbia,2,monopoly,0,0,0,17451,11382,1748,16.15,0.668,0.0411,2.65,1.47,286853.0,0.9711
18,2022-05-02,Belgrade,Serbia,2,monopoly,0,0,0,18621,11684,1727,15.96,0.668,0.0482,2.66,1.43,302204.0,0.9847
19,2022-05-09,Belgrade,Serbia,2,monopoly,0,0,0,16839,11460,1758,15.45,0.673,0.0492,2.6,1.5,265320.0,0.9801
20,2022-05-16,Belgrade,Serbia,2,monopoly,0,0,0,17007,10827,1700,16.19,0.683,0.0436,3.05,1.46,280086.0,0.9132
21,2022-05-23,Belgrade,Serbia,2,monopoly,0,0,0,17574,11438,1665,15.87,0.681,0.0511,2.62,1.38,283635.0,0.9677
22,2022-05-30,Belgrade,Serbia,2,monopoly,0,0,0,17626,11508,2088,15.74,0.689,0.0539,2.86,1.47,282508.0,0.996
23,2022-06-06,Belgrade,Serbia,2,monopoly,0,0,0,17332,12066,1714,16.1,0.682,0.0433,2.95,1.44,284258.0,0.9981
24,2022-06-13,Belgrade,Serbia,2,monopoly,0,0,0,17902,11539,1937,15.52,0.68,0.054,2.84,1.52,283101.0,0.9831
25,2022-06-20,Belgrade,Serbia,2,monopoly,0,0,0,18199,12072,1868,16.12,0.668,0.0421,2.71,1.52,298873.0,0.983
26,2022-06-27,Belgrade,Serbia,2,monopoly,0,0,0,17720,12201,2091,15.58,0.659,0.0525,2.58,1.45,281385.0,0.9902
27,2022-07-04,Belgrade,Serbia,2,monopoly,0,0,0,18321,12185,1839,15.7,0.685,0.0427,2.59,1.46,292977.0,0.981
28,2022-07-11,Belgrade,Serbia,2,monopoly,0,0,0,17510,11396,1547,15.94,0.668,0.0423,3.0,1.51,284272.0,0.9918
29,2022-07-18,Belgrade,Serbia,2,monopoly,0,0,0,17155,11322,1906,15.37,0.677,0.0526,2.72,1.52,268835.0,0.988
30,2022-07-25,Belgrade,Serbia,2,monopoly,0,0,0,16513,11506,1498,15.2,0.675,0.0584,2.63,1.41,255865.0,0.989
31,2022-08-01,Belgrade,Serbia,2,monopoly,0,0,0,16297,11213,1766,15.88,0.653,0.0441,3.02,1.53,263943.0,0.9862
32,2022-08-08,Belgrade,Serbia,2,monopoly,0,0,0,18017,11802,1902,15.91,0.684,0.043,3.02,1.57,292209.0,1.0114
33,2022-08-15,Belgrade,Serbia,2,monopoly,0,0,0,16598,11573,1492,15.96,0.699,0.057,3.12,1.39,269730.0,1.0073
34,2022-08-22,Belgrade,Serbia,2,monopoly,0,0,0,15849,11435,1990,16.29,0.669,0.0469,2.83,1.54,263463.0,0.9931
35,2022-08-29,Belgrade,Serbia,2,monopoly,0,0,0,18515,11707,1831,15.82,0.683,0.0585,2.64,1.59,298492.0,1.0046
36,2022-09-05,Belgrade,Serbia,2,monopoly,0,0,0,17140,11680,2034,15.54,0.665,0.0509,2.78,1.47,271506.0,0.9895
37,2022-09-12,Belgrade,Serbia,2,monopoly,0,0,0,16210,12043,2157,15.83,0.658,0.0597,2.82,1.46,261879.0,0.9955
38,2022-09-19,Belgrade,Serbia,2,monopoly,0,0,0,17022,11516,1579,15.78,0.662,0.0391,2.83,1.48,273720.0,0.9755
39,2022-09-26,Belgrade,Serbia,2,monopoly,0,0,0,16501,11297,1902,15.69,0.64,0.0327,2.67,1.6,264323.0,0.9695
40,2022-10-03,Belgrade,Serbia,2,monopoly,0,0,0,17810,11485,1803,15.75,0.673,0.0364,2.84,1.53,285779.0,0.9823
41,2022-10-10,Belgrade,Serbia,2,monopoly,0,0,0,16850,11910,2119,15.5,0.653,0.0584,2.7,1.47,266427.0,0.9966
42,2022-10-17,Belgrade,Serbia,2,monopoly,0,0,0,16828,11640,1953,15.76,0.659,0.0465,2.69,1.47,270343.0,0.9997
43,2022-10-24,Belgrade,Serbia,2,monopoly,0,0,0,17908,11903,2138,15.93,0.675,0.0363,2.85,1.57,290881.0,0.9985
44,2022-10-31,Belgrade,Serbia,2,monopoly,0,0,0,17214,11395,1429,15.91,0.653,0.0496,2.7,1.58,279276.0,0.9957
45,2022-11-07,Belgrade,Serbia,2,monopoly,0,0,0,17158,11291,1406,15.76,0.68,0.0433,2.89,1.53,275593.0,0.981
46,2022-11-14,Belgrade,Serbia,2,monopoly,0,0,0,17897,11358,1826,15.66,0.656,0.0471,2.85,1.34,284833.0,0.9797
47,2022-11-21,Belgrade,Serbia,2,monopoly,0,0,0,17110,11356,1330,15.62,0.677,0.0604,2.75,1.4,272028.0,0.9817
48,2022-11-28,Belgrade,Serbia,2,monopoly,0,0,0,18951,11518,1728,15.46,0.684,0.0446,2.61,1.57,298407.0,0.9998
49,2022-12-05,Belgrade,Serbia,2,monopoly,0,0,0,18951,12650,2081,15.79,0.671,0.0409,2.92,1.46,304777.0,1.0036
50,2022-12-12,Belgrade,Serbia,2,monopoly,0,0,0,19286,12574,2135,16.25,0.655,0.0497,2.73,1.51,319094.0,0.983
51,2022-12-19,Belgrade,Serbia,2,monopoly,0,0,0,19324,13036,1601,15.81,0.65,0.0499,2.82,1.4,310988.0,0.9925
52,2022-12-26,Belgrade,Serbia,2,monopoly,0,0,0,20020,13052,2046,15.29,0.655,0.0343,2.59,1.5,311979.0,0.9909
53,2023-01-02,Belgrade,Serbia,2,monopoly,0,0,0,18836,12777,2002,16.22,0.658,0.0417,3.03,1.49,311231.0,0.9866
54,2023-01-09,Belgrade,Serbia,2,monopoly,0,0,0,19076,13015,1813,15.96,0.669,0.0423,2.83,1.47,310193.0,0.998
55,2023-01-16,Belgrade,Serbia,2,monopoly,0,0,0,17822,11679,1497,15.73,0.656,0.0379,2.65,1.5,285596.0,0.9697
56,2023-01-23,Belgrade,Serbia,2,monopoly,0,0,0,18385,12197,2079,15.61,0.676,0.0439,2.88,1.54,292625.0,1.0168
57,2023-01-30,Belgrade,Serbia,2,monopoly,0,0,0,18494,11948,1626,15.85,0.656,0.0485,3.04,1.55,298686.0,1.0017
58,2023-02-06,Belgrade,Serbia,2,monopoly,0,0,0,18265,12248,2113,15.16,0.676,0.0428,2.66,1.54,282556.0,0.9977
59,2023-02-13,Belgrade,Serbia,2,monopoly,0,0,0,19071,13050,1927,15.85,0.671,0.0412,2.68,1.47,308030.0,1.0021
60,2023-02-20,Belgrade,Serbia,2,monopoly,0,0,0,19562,12692,1696,15.83,0.663,0.0535,2.83,1.53,315492.0,1.0121
61,2023-02-27,Belgrade,Serbia,2,monopoly,0,0,0,19761,12896,1890,15.78,0.701,0.0399,2.99,1.55,317825.0,1.0026
62,2023-03-06,Belgrade,Serbia,2,monopoly,0,0,0,18790,12426,1907,15.3,0.679,0.0513,2.75,1.53,293191.0,0.9997
63,2023-03-13,Belgrade,Serbia,2,monopoly,0,0,0,18898,12137,1671,16.04,0.659,0.0435,2.81,1.4,308221.0,0.9876
64,2023-03-20,Belgrade,Serbia,2,monopoly,0,0,0,18277,12227,1784,15.6,0.672,0.0493,2.87,1.56,290843.0,0.9788
65,2023-03-27,Belgrade,Serbia,2,monopoly,0,0,0,19051,12796,2292,15.81,0.674,0.0535,2.82,1.54,307108.0,0.9951
66,2023-04-03,Belgrade,Serbia,2,monopoly,0,0,0,20967,13960,2426,16.17,0.682,0.0467,2.92,1.45,345109.0,1.0118
67,2023-04-10,Belgrade,Serbia,2,monopoly,0,0,0,21451,13610,2011,15.91,0.671,0.0563,2.84,1.49,347369.0,1.0069
68,2023-04-17,Belgrade,Serbia,2,monopoly,0,0,0,21274,14250,1720,15.91,0.659,0.0461,3.04,1.6,345309.0,1.0155
69,2023-04-24,Belgrade,Serbia,2,monopoly,0,0,0,19196,13173,1990,15.82,0.696,0.063,2.95,1.4,309213.0,1.014
70,2023-05-01,Belgrade,Serbia,2,monopoly,0,0,0,18801,13103,2206,15.96,0.646,0.0572,2.84,1.55,306157.0,1.002
71,2023-05-08,Belgrade,Serbia,2,monopoly,0,0,0,20609,13435,1547,16.22,0.655,0.0387,2.76,1.45,340122.0,1.0053
72,2023-05-15,Belgrade,Serbia,2,monopoly,0,0,0,20665,13848,2025,15.67,0.665,0.0426,2.73,1.53,330177.0,1.0204
73,2023-05-22,Belgrade,Serbia,2,monopoly,0,0,0,19989,13639,2093,16.03,0.653,0.0418,2.78,1.57,326848.0,1.0128
74,2023-05-29,Belgrade,Serbia,2,monopoly,0,0,0,20704,13316,1692,15.89,0.659,0.0553,2.98,1.46,334819.0,1.0256
75,2023-06-05,Belgrade,Serbia,2,monopoly,0,0,0,19487,14001,1830,15.62,0.667,0.0502,2.92,1.58,311023.0,0.9878
76,2023-06-12,Belgrade,Serbia,2,monopoly,0,0,0,19802,13297,2296,15.63,0.666,0.0455,2.64,1.63,316007.0,1.0011
77,2023-06-19,Belgrade,Serbia,2,monopoly,0,0,0,20036,13191,1894,15.8,0.675,0.053,2.55,1.56,322742.0,1.0017
78,2023-06-26,Belgrade,Serbia,2,monopoly,0,1,0,19981,13002,2137,16.41,0.672,0.0493,2.94,1.57,334012.0,0.9978
79,2023-07-03,Belgrade,Serbia,2,monopoly,0,1,0,19722,13171,2023,15.71,0.665,0.0409,2.77,1.54,315918.0,0.9996
80,2023-07-10,Belgrade,Serbia,2,monopoly,0,1,0,18302,12869,2056,15.63,0.666,0.0428,3.04,1.46,291697.0,0.9779
81,2023-07-17,Belgrade,Serbia,2,monopoly,0,1,0,18538,12548,2138,16.05,0.669,0.0402,2.78,1.5,303182.0,0.9832
82,2023-07-24,Belgrade,Serbia,2,monopoly,0,1,0,19747,12932,1722,15.58,0.701,0.0497,2.91,1.44,313245.0,0.993
83,2023-07-31,Belgrade,Serbia,2,monopoly,0,1,0,18398,12862,1831,15.78,0.668,0.0458,2.86,1.48,296031.0,1.0117
84,2023-08-07,Belgrade,Serbia,2,monopoly,0,1,0,19545,12847,1726,16.2,0.657,0.0406,3.0,1.45,322217.0,1.0019
85,2023-08-14,Belgrade,Serbia,2,monopoly,0,1,0,19421,12947,2393,16.09,0.66,0.0426,2.77,1.46,318155.0,0.9923
86,2023-08-21,Belgrade,Serbia,2,monopoly,0,1,0,19246,12757,2339,15.97,0.668,0.0533,2.73,1.51,313138.0,0.9895
87,2023-08-28,Belgrade,Serbia,2,monopoly,0,1,0,20663,13170,2316,16.04,0.687,0.0494,2.94,1.36,336808.0,1.0032
88,2023-09-04,Belgrade,Serbia,2,monopoly,0,1,0,19194,13253,2023,16.33,0.669,0.0502,2.7,1.54,319561.0,1.0057
89,2023-09-11,Belgrade,Serbia,2,monopoly,0,1,0,19443,13290,2317,16.13,0.675,0.043,2.74,1.47,319476.0,0.9979
90,2023-09-18,Belgrade,Serbia,2,monopoly,0,1,0,19766,13320,2258,16.09,0.663,0.0262,2.8,1.52,324109.0,1.0043
91,2023-09-25,Belgrade,Serbia,2,monopoly,0,1,0,17603,13506,1872,15.7,0.683,0.042,2.59,1.43,282161.0,1.0038
92,2023-10-02,Belgrade,Serbia,2,monopoly,0,1,0,20209,12989,1595,15.78,0.679,0.04,2.81,1.47,324626.0,1.0132
93,2023-10-09,Belgrade,Serbia,2,monopoly,0,1,0,20373,13007,2023,15.55,0.676,0.0388,2.79,1.5,322653.0,1.0008
94,2023-10-16,Belgrade,Serbia,2,monopoly,0,1,0,19458,12840,2260,15.88,0.669,0.0302,3.02,1.62,315233.0,0.9969
95,2023-10-23,Belgrade,Serbia,2,monopoly,0,1,0,19669,12534,1712,15.78,0.674,0.0402,2.69,1.48,315942.0,0.9937
96,2023-10-30,Belgrade,Serbia,2,monopoly,0,1,0,17948,12598,1778,15.61,0.686,0.0615,2.53,1.59,286178.0,0.9798
97,2023-11-06,Belgrade,Serbia,2,monopoly,0,1,0,19736,13091,1777,15.88,0.675,0.0512,2.89,1.53,319416.0,0.9901
98,2023-11-13,Belgrade,Serbia,2,monopoly,0,1,0,18844,12947,1695,15.38,0.694,0.054,2.91,1.53,295763.0,0.9965
99,2023-11-20,Belgrade,Serbia,2,monopoly,0,1,0,19553,12988,1558,15.66,0.691,0.0403,2.94,1.44,311811.0,0.9978
100,2023-11-27,Belgrade,Serbia,2,monopoly,0,1,0,19036,12523,1608,15.48,0.66,0.056,2.68,1.56,300538.0,0.996
101,2023-12-04,Belgrade,Serbia,2,monopoly,0,1,0,20493,13524,2275,15.8,0.672,0.0316,2.97,1.55,330078.0,0.9818
102,2023-12-11,Belgrade,Serbia,2,monopoly,0,1,0,20346,13929,2442,15.82,0.677,0.0424,2.8,1.43,327849.0,0.9835
103,2023-12-18,Belgrade,Serbia,2,monopoly,0,1,0,21175,14491,2528,16.23,0.684,0.0515,2.82,1.49,350148.0,0.9855
104,2023-12-25,Belgrade,Serbia,2,monopoly,0,1,0,22006,14833,2472,15.74,0.631,0.0479,2.57,1.51,353094.0,0.9818
1,2022-01-03,Zagreb,Croatia,2,monopoly,0,0,0,15188,10140,1462,19.06,0.661,0.042,2.57,1.55,294198.0,1.0055
2,2022-01-10,Zagreb,Croatia,2,monopoly,0,0,0,13946,9685,1364,18.05,0.674,0.0481,3.12,1.49,256054.0,1.002
3,2022-01-17,Zagreb,Croatia,2,monopoly,0,0,0,12690,9448,1612,18.38,0.689,0.0497,2.5,1.49,237465.0,1.0084
4,2022-01-24,Zagreb,Croatia,2,monopoly,0,0,0,14846,9716,1352,18.56,0.672,0.0522,2.67,1.49,279885.0,1.0222
5,2022-01-31,Zagreb,Croatia,2,monopoly,0,0,0,13430,9532,1218,18.33,0.68,0.0442,2.85,1.54,250576.0,1.0119
6,2022-02-07,Zagreb,Croatia,2,monopoly,0,0,0,13662,9688,1405,18.85,0.68,0.0508,2.89,1.54,262005.0,1.0051
7,2022-02-14,Zagreb,Croatia,2,monopoly,0,0,0,15498,10155,1449,18.76,0.653,0.0489,2.7,1.6,295617.0,1.0207
8,2022-02-21,Zagreb,Croatia,2,monopoly,0,0,0,14624,9639,1393,18.25,0.678,0.0477,2.68,1.38,270879.0,1.0219
9,2022-02-28,Zagreb,Croatia,2,monopoly,0,0,0,15032,9817,1746,18.17,0.673,0.023,2.94,1.48,277490.0,1.0091
10,2022-03-07,Zagreb,Croatia,2,monopoly,0,0,0,14412,10057,1351,19.09,0.654,0.0572,2.88,1.53,279741.0,1.0119
11,2022-03-14,Zagreb,Croatia,2,monopoly,0,0,0,14071,10226,1425,18.86,0.679,0.0429,2.69,1.42,269735.0,1.0026
12,2022-03-21,Zagreb,Croatia,2,monopoly,0,0,0,15403,9894,1333,18.81,0.698,0.0487,2.73,1.65,294628.0,0.9966
13,2022-03-28,Zagreb,Croatia,2,monopoly,0,0,0,14549,9923,1637,18.4,0.691,0.0456,3.0,1.73,272852.0,1.0004
14,2022-04-04,Zagreb,Croatia,2,monopoly,0,0,0,15493,10278,1348,18.73,0.693,0.0505,2.76,1.52,294871.0,0.9792
15,2022-04-11,Zagreb,Croatia,2,monopoly,0,0,0,14786,10046,1352,18.47,0.678,0.0445,2.88,1.42,277377.0,0.9675
16,2022-04-18,Zagreb,Croatia,2,monopoly,0,0,0,15097,10885,1587,18.3,0.687,0.0523,2.93,1.52,281239.0,0.9727
17,2022-04-25,Zagreb,Croatia,2,monopoly,0,0,0,14850,9912,1373,18.38,0.707,0.0535,2.88,1.46,277284.0,0.9711
18,2022-05-02,Zagreb,Croatia,2,monopoly,0,0,0,14804,9722,1670,18.29,0.637,0.0421,2.8,1.5,275140.0,0.9847
19,2022-05-09,Zagreb,Croatia,2,monopoly,0,0,0,14317,10276,1758,18.44,0.672,0.0369,2.83,1.55,268784.0,0.9801
20,2022-05-16,Zagreb,Croatia,2,monopoly,0,0,0,15153,9512,1514,18.44,0.711,0.0474,3.03,1.34,283245.0,0.9132
21,2022-05-23,Zagreb,Croatia,2,monopoly,0,0,0,15246,9790,1258,18.73,0.668,0.0519,2.84,1.5,289963.0,0.9677
22,2022-05-30,Zagreb,Croatia,2,monopoly,0,0,0,14404,10022,1677,19.05,0.689,0.0428,2.85,1.47,278816.0,0.996
23,2022-06-06,Zagreb,Croatia,2,monopoly,0,0,0,14640,10171,1245,18.51,0.668,0.0448,2.99,1.55,275716.0,0.9981
24,2022-06-13,Zagreb,Croatia,2,monopoly,0,0,0,14993,10085,1617,18.33,0.689,0.0504,2.88,1.51,279390.0,0.9831
25,2022-06-20,Zagreb,Croatia,2,monopoly,0,0,0,15521,10656,1554,18.46,0.671,0.046,2.8,1.44,291121.0,0.983
26,2022-06-27,Zagreb,Croatia,2,monopoly,0,0,0,15174,10673,1409,18.86,0.671,0.0504,2.73,1.56,291177.0,0.9902
27,2022-07-04,Zagreb,Croatia,2,monopoly,0,0,0,14724,10402,1871,18.33,0.665,0.0541,2.79,1.41,274291.0,0.981
28,2022-07-11,Zagreb,Croatia,2,monopoly,0,0,0,14475,10235,1600,17.88,0.644,0.0455,2.65,1.51,263449.0,0.9918
29,2022-07-18,Zagreb,Croatia,2,monopoly,0,0,0,14193,10138,1348,18.19,0.678,0.0451,2.88,1.36,262307.0,0.988
30,2022-07-25,Zagreb,Croatia,2,monopoly,0,0,0,14731,9892,1330,18.35,0.66,0.0398,2.92,1.51,274795.0,0.989
31,2022-08-01,Zagreb,Croatia,2,monopoly,0,0,0,14202,9715,1703,18.67,0.67,0.0496,2.64,1.47,269436.0,0.9862
32,2022-08-08,Zagreb,Croatia,2,monopoly,0,0,0,15207,9830,1606,18.41,0.672,0.0515,2.89,1.52,284443.0,1.0114
33,2022-08-15,Zagreb,Croatia,2,monopoly,0,0,0,15227,10057,1484,18.28,0.68,0.0394,2.75,1.49,282845.0,1.0073
34,2022-08-22,Zagreb,Croatia,2,monopoly,0,0,0,14463,10021,1831,18.5,0.665,0.0518,2.64,1.55,272225.0,0.9931
35,2022-08-29,Zagreb,Croatia,2,monopoly,0,0,0,15254,10235,1848,18.36,0.679,0.0346,2.58,1.62,285038.0,1.0046
36,2022-09-05,Zagreb,Croatia,2,monopoly,0,0,0,14861,10091,1625,18.2,0.7,0.0503,2.66,1.49,274981.0,0.9895
37,2022-09-12,Zagreb,Croatia,2,monopoly,0,0,0,16408,10073,1776,18.31,0.665,0.0388,2.84,1.52,305024.0,0.9955
38,2022-09-19,Zagreb,Croatia,2,monopoly,0,0,0,14977,9718,1369,18.24,0.673,0.0518,2.77,1.51,277583.0,0.9755
39,2022-09-26,Zagreb,Croatia,2,monopoly,0,0,0,14867,10029,1143,18.45,0.68,0.0354,2.71,1.52,278869.0,0.9695
40,2022-10-03,Zagreb,Croatia,2,monopoly,0,0,0,14899,9821,1172,18.84,0.654,0.0428,2.85,1.61,285441.0,0.9823
41,2022-10-10,Zagreb,Croatia,2,monopoly,0,0,0,15067,10235,1698,18.58,0.687,0.0437,2.77,1.47,284458.0,0.9966
42,2022-10-17,Zagreb,Croatia,2,monopoly,0,0,0,14575,10318,1754,18.76,0.684,0.0493,2.7,1.4,277761.0,0.9997
43,2022-10-24,Zagreb,Croatia,2,monopoly,0,0,0,15499,10297,1318,18.1,0.68,0.042,2.63,1.48,285104.0,0.9985
44,2022-10-31,Zagreb,Croatia,2,monopoly,0,0,0,15701,9663,1345,18.56,0.664,0.04,2.74,1.49,295730.0,0.9957
45,2022-11-07,Zagreb,Croatia,2,monopoly,0,0,0,13578,9622,1609,18.81,0.675,0.0452,2.65,1.52,259790.0,0.981
46,2022-11-14,Zagreb,Croatia,2,monopoly,0,0,0,14762,9696,1843,18.69,0.675,0.0427,2.69,1.45,280120.0,0.9797
47,2022-11-21,Zagreb,Croatia,2,monopoly,0,0,0,14799,9770,1591,18.5,0.668,0.0539,2.81,1.55,278325.0,0.9817
48,2022-11-28,Zagreb,Croatia,2,monopoly,0,0,0,15246,10136,1609,18.48,0.673,0.0432,3.01,1.42,286064.0,0.9998
49,2022-12-05,Zagreb,Croatia,2,monopoly,0,0,0,15898,10998,1699,18.27,0.672,0.048,2.71,1.54,295538.0,1.0036
50,2022-12-12,Zagreb,Croatia,2,monopoly,0,0,0,16086,11040,1983,18.28,0.698,0.0464,2.76,1.48,298954.0,0.983
51,2022-12-19,Zagreb,Croatia,2,monopoly,0,0,0,15881,11066,1365,18.74,0.668,0.0549,2.76,1.45,302424.0,0.9925
52,2022-12-26,Zagreb,Croatia,2,monopoly,0,0,0,17007,11709,1558,17.98,0.678,0.0496,2.77,1.45,310879.0,0.9909
53,2023-01-02,Zagreb,Croatia,2,monopoly,0,0,0,15384,10679,1844,18.35,0.673,0.0455,2.86,1.58,287358.0,0.9866
54,2023-01-09,Zagreb,Croatia,2,monopoly,0,0,0,15934,10830,1783,18.63,0.673,0.0462,2.66,1.57,301951.0,0.998
55,2023-01-16,Zagreb,Croatia,2,monopoly,0,0,0,14541,10039,1244,18.35,0.668,0.0294,3.05,1.4,271044.0,0.9697
56,2023-01-23,Zagreb,Croatia,2,monopoly,0,0,0,15649,10589,1505,18.65,0.667,0.0337,2.75,1.48,296555.0,1.0168
57,2023-01-30,Zagreb,Croatia,2,monopoly,0,0,0,16049,10847,1619,18.48,0.662,0.0406,2.48,1.57,301694.0,1.0017
58,2023-02-06,Zagreb,Croatia,2,monopoly,0,0,0,15281,10564,1916,18.49,0.644,0.0452,2.58,1.52,287363.0,0.9977
59,2023-02-13,Zagreb,Croatia,2,monopoly,0,0,0,15742,11193,1773,18.67,0.662,0.0352,2.71,1.47,298839.0,1.0021
60,2023-02-20,Zagreb,Croatia,2,monopoly,0,0,0,15878,10801,1519,18.31,0.663,0.0418,2.8,1.48,295522.0,1.0121
61,2023-02-27,Zagreb,Croatia,2,monopoly,0,0,0,15262,10973,1813,18.05,0.679,0.0441,2.74,1.46,280285.0,1.0026
62,2023-03-06,Zagreb,Croatia,2,monopoly,0,0,0,16239,11130,1742,18.51,0.663,0.0452,2.68,1.53,305693.0,0.9997
63,2023-03-13,Zagreb,Croatia,2,monopoly,0,0,0,16950,10750,1839,17.98,0.687,0.0491,2.83,1.48,309534.0,0.9876
64,2023-03-20,Zagreb,Croatia,2,monopoly,0,0,0,15922,10855,1861,18.5,0.682,0.0385,2.88,1.58,299702.0,0.9788
65,2023-03-27,Zagreb,Croatia,2,monopoly,0,0,0,16461,11287,1508,18.09,0.66,0.0413,2.92,1.41,302554.0,0.9951
66,2023-04-03,Zagreb,Croatia,2,monopoly,0,0,0,18239,12070,1959,19.01,0.63,0.0546,3.0,1.51,352191.0,1.0118
67,2023-04-10,Zagreb,Croatia,2,monopoly,0,0,0,18224,11601,2008,18.53,0.679,0.0488,2.87,1.46,342772.0,1.0069
68,2023-04-17,Zagreb,Croatia,2,monopoly,0,0,0,17725,12039,1954,18.83,0.662,0.0423,3.04,1.45,338999.0,1.0155
69,2023-04-24,Zagreb,Croatia,2,monopoly,0,0,0,16963,11817,1541,18.36,0.67,0.0386,2.85,1.51,316794.0,1.014
70,2023-05-01,Zagreb,Croatia,2,monopoly,0,0,0,16435,11170,1372,18.59,0.693,0.0402,2.81,1.52,310620.0,1.002
71,2023-05-08,Zagreb,Croatia,2,monopoly,0,0,0,16560,11941,1380,18.62,0.651,0.0421,2.8,1.61,314115.0,1.0053
72,2023-05-15,Zagreb,Croatia,2,monopoly,0,0,0,16656,11658,1953,18.72,0.657,0.0405,2.75,1.59,317361.0,1.0204
73,2023-05-22,Zagreb,Croatia,2,monopoly,0,0,0,16537,12002,2192,19.0,0.665,0.0344,2.65,1.62,320036.0,1.0128
74,2023-05-29,Zagreb,Croatia,2,monopoly,0,0,0,17463,12203,2041,18.28,0.661,0.0482,2.82,1.46,324569.0,1.0256
75,2023-06-05,Zagreb,Croatia,2,monopoly,0,0,0,16665,11736,1965,18.24,0.653,0.0449,3.01,1.51,309286.0,0.9878
76,2023-06-12,Zagreb,Croatia,2,monopoly,0,0,0,18222,11612,1974,18.54,0.657,0.0473,2.89,1.39,342678.0,1.0011
77,2023-06-19,Zagreb,Croatia,2,monopoly,0,0,0,17163,11607,1706,18.92,0.676,0.0394,2.74,1.49,329912.0,1.0017
78,2023-06-26,Zagreb,Croatia,2,monopoly,0,1,0,17804,11325,1444,18.34,0.677,0.0352,2.64,1.45,331452.0,0.9978
79,2023-07-03,Zagreb,Croatia,2,monopoly,0,1,0,16638,11492,1684,18.56,0.678,0.043,2.54,1.68,314593.0,0.9996
80,2023-07-10,Zagreb,Croatia,2,monopoly,0,1,0,16330,10978,1551,18.8,0.674,0.0621,2.67,1.54,312076.0,0.9779
81,2023-07-17,Zagreb,Croatia,2,monopoly,0,1,0,17010,11079,2055,18.33,0.662,0.053,2.93,1.47,316679.0,0.9832
82,2023-07-24,Zagreb,Croatia,2,monopoly,0,1,0,16613,11335,1837,18.09,0.645,0.0506,2.79,1.38,305222.0,0.993
83,2023-07-31,Zagreb,Croatia,2,monopoly,0,1,0,16881,11290,1973,18.42,0.674,0.0484,2.76,1.45,315859.0,1.0117
84,2023-08-07,Zagreb,Croatia,2,monopoly,0,1,0,15382,11560,1797,18.72,0.678,0.0459,2.68,1.47,293049.0,1.0019
85,2023-08-14,Zagreb,Croatia,2,monopoly,0,1,0,16212,10980,1845,18.85,0.673,0.0535,2.91,1.36,310076.0,0.9923
86,2023-08-21,Zagreb,Croatia,2,monopoly,0,1,0,16093,11054,1903,18.33,0.653,0.0506,2.87,1.59,300257.0,0.9895
87,2023-08-28,Zagreb,Croatia,2,monopoly,0,1,0,17029,11379,1736,18.93,0.651,0.0485,2.68,1.41,327172.0,1.0032
88,2023-09-04,Zagreb,Croatia,2,monopoly,0,1,0,17417,11561,1602,18.6,0.669,0.0425,2.65,1.61,329540.0,1.0057
89,2023-09-11,Zagreb,Croatia,2,monopoly,0,1,0,17285,11425,1410,18.5,0.649,0.0452,2.93,1.69,325565.0,0.9979
90,2023-09-18,Zagreb,Croatia,2,monopoly,0,1,0,16886,11220,1436,18.72,0.7,0.0424,2.64,1.49,321121.0,1.0043
91,2023-09-25,Zagreb,Croatia,2,monopoly,0,1,0,17347,11102,1516,18.27,0.676,0.0516,2.85,1.48,321859.0,1.0038
92,2023-10-02,Zagreb,Croatia,2,monopoly,0,1,0,17037,11636,1448,17.88,0.65,0.0447,2.56,1.51,309893.0,1.0132
93,2023-10-09,Zagreb,Croatia,2,monopoly,0,1,0,16834,11166,1561,19.01,0.653,0.0412,2.82,1.4,324704.0,1.0008
94,2023-10-16,Zagreb,Croatia,2,monopoly,0,1,0,16467,11417,1614,18.72,0.686,0.0526,2.47,1.38,312989.0,0.9969
95,2023-10-23,Zagreb,Croatia,2,monopoly,0,1,0,16162,11253,2000,18.53,0.653,0.035,2.84,1.5,304546.0,0.9937
96,2023-10-30,Zagreb,Croatia,2,monopoly,0,1,0,16778,10924,1520,18.48,0.673,0.0472,2.74,1.56,315170.0,0.9798
97,2023-11-06,Zagreb,Croatia,2,monopoly,0,1,0,16086,10829,1841,18.26,0.687,0.0533,2.7,1.49,298571.0,0.9901
98,2023-11-13,Zagreb,Croatia,2,monopoly,0,1,0,17033,10827,1353,18.64,0.672,0.0502,2.76,1.47,322270.0,0.9965
99,2023-11-20,Zagreb,Croatia,2,monopoly,0,1,0,16357,11360,1759,18.22,0.691,0.047,2.71,1.49,303102.0,0.9978
100,2023-11-27,Zagreb,Croatia,2,monopoly,0,1,0,17326,10933,1861,18.18,0.663,0.0442,2.7,1.28,319185.0,0.996
101,2023-12-04,Zagreb,Croatia,2,monopoly,0,1,0,18161,11771,1873,18.97,0.693,0.0577,2.84,1.35,349281.0,0.9818
102,2023-12-11,Zagreb,Croatia,2,monopoly,0,1,0,18360,11926,1959,17.68,0.663,0.0541,2.79,1.43,329721.0,0.9835
103,2023-12-18,Zagreb,Croatia,2,monopoly,0,1,0,18723,12818,1887,18.45,0.659,0.0502,2.48,1.45,351015.0,0.9855
104,2023-12-25,Zagreb,Croatia,2,monopoly,0,1,0,19418,12777,1665,18.89,0.679,0.0573,2.7,1.6,372939.0,0.9818
1,2022-01-03,Tbilisi,Georgia,2,monopoly,0,0,0,13428,8704,1488,11.58,0.68,0.0414,2.91,0.84,157690.0,1.0055
2,2022-01-10,Tbilisi,Georgia,2,monopoly,0,0,0,13281,9087,1632,11.57,0.667,0.0463,2.55,0.87,156033.0,1.002
3,2022-01-17,Tbilisi,Georgia,2,monopoly,0,0,0,12328,8391,1410,11.66,0.661,0.0548,2.96,1.05,146388.0,1.0084
4,2022-01-24,Tbilisi,Georgia,2,monopoly,0,0,0,13366,8716,1463,11.61,0.675,0.036,2.76,0.73,157088.0,1.0222
5,2022-01-31,Tbilisi,Georgia,2,monopoly,0,0,0,12046,8432,1204,11.57,0.668,0.0633,2.61,0.85,141522.0,1.0119
6,2022-02-07,Tbilisi,Georgia,2,monopoly,0,0,0,12903,8675,1330,11.62,0.649,0.0384,2.95,0.82,152067.0,1.0051
7,2022-02-14,Tbilisi,Georgia,2,monopoly,0,0,0,13932,8956,1488,11.72,0.671,0.0422,2.91,0.99,165943.0,1.0207
8,2022-02-21,Tbilisi,Georgia,2,monopoly,0,0,0,13768,9242,1592,11.69,0.688,0.0366,2.64,0.8,163166.0,1.0219
9,2022-02-28,Tbilisi,Georgia,2,monopoly,0,0,0,12772,8996,1191,11.53,0.663,0.0399,2.59,0.8,149420.0,1.0091
10,2022-03-07,Tbilisi,Georgia,2,monopoly,0,0,0,13039,8964,1421,11.92,0.671,0.0441,2.77,0.83,157657.0,1.0119
11,2022-03-14,Tbilisi,Georgia,2,monopoly,0,0,0,12768,8896,1197,11.72,0.655,0.0449,2.89,0.81,151803.0,1.0026
12,2022-03-21,Tbilisi,Georgia,2,monopoly,0,0,0,13323,8806,1113,12.01,0.668,0.0517,2.66,1.05,162783.0,0.9966
13,2022-03-28,Tbilisi,Georgia,2,monopoly,0,0,0,12937,8953,1471,11.88,0.67,0.0416,2.78,0.87,156028.0,1.0004
14,2022-04-04,Tbilisi,Georgia,2,monopoly,0,0,0,14353,9254,1229,11.74,0.685,0.0454,2.9,0.92,171058.0,0.9792
15,2022-04-11,Tbilisi,Georgia,2,monopoly,0,0,0,13562,9267,1394,11.81,0.663,0.0507,2.77,0.95,162808.0,0.9675
16,2022-04-18,Tbilisi,Georgia,2,monopoly,0,0,0,13630,9623,1462,11.79,0.669,0.0385,2.72,0.89,163267.0,0.9727
17,2022-04-25,Tbilisi,Georgia,2,monopoly,0,0,0,13294,8931,1281,11.9,0.685,0.0584,2.73,0.81,160369.0,0.9711
18,2022-05-02,Tbilisi,Georgia,2,monopoly,0,0,0,13033,9276,1221,11.64,0.659,0.0456,2.64,0.87,154125.0,0.9847
19,2022-05-09,Tbilisi,Georgia,2,monopoly,0,0,0,14141,8947,1444,11.66,0.655,0.0538,3.37,0.97,167488.0,0.9801
20,2022-05-16,Tbilisi,Georgia,2,monopoly,0,0,0,12599,8484,1319,11.8,0.658,0.0503,2.94,0.76,150603.0,0.9132
21,2022-05-23,Tbilisi,Georgia,2,monopoly,0,0,0,12586,8988,1313,11.56,0.671,0.0466,2.78,0.86,147813.0,0.9677
22,2022-05-30,Tbilisi,Georgia,2,monopoly,0,0,0,13094,9148,1241,12.03,0.68,0.0553,2.71,0.76,159607.0,0.996
23,2022-06-06,Tbilisi,Georgia,2,monopoly,0,0,0,14702,9502,1136,11.69,0.682,0.0458,2.67,0.75,174004.0,0.9981
24,2022-06-13,Tbilisi,Georgia,2,monopoly,0,0,0,13897,9277,1429,11.82,0.676,0.0487,2.65,0.91,166795.0,0.9831
25,2022-06-20,Tbilisi,Georgia,2,monopoly,0,0,0,14024,9093,1249,11.8,0.662,0.0474,2.8,0.8,167666.0,0.983
26,2022-06-27,Tbilisi,Georgia,2,monopoly,0,0,0,13463,9078,1604,11.89,0.663,0.0441,3.03,0.9,162526.0,0.9902
27,2022-07-04,Tbilisi,Georgia,2,monopoly,0,0,0,13430,9202,1514,12.21,0.661,0.0406,2.89,0.85,166327.0,0.981
28,2022-07-11,Tbilisi,Georgia,2,monopoly,0,0,0,14225,9230,1655,11.78,0.652,0.0539,2.64,0.86,169952.0,0.9918
29,2022-07-18,Tbilisi,Georgia,2,monopoly,0,0,0,14341,8697,1425,12.05,0.674,0.0475,2.76,0.83,174975.0,0.988
30,2022-07-25,Tbilisi,Georgia,2,monopoly,0,0,0,12575,8837,1233,11.69,0.666,0.0466,2.62,0.85,149255.0,0.989
31,2022-08-01,Tbilisi,Georgia,2,monopoly,0,0,0,12877,9025,1647,11.92,0.66,0.0541,2.64,0.86,155822.0,0.9862
32,2022-08-08,Tbilisi,Georgia,2,monopoly,0,0,0,12795,8940,1483,11.71,0.659,0.0443,2.73,0.86,152136.0,1.0114
33,2022-08-15,Tbilisi,Georgia,2,monopoly,0,0,0,13444,8817,1439,12.09,0.656,0.0531,2.97,0.84,164760.0,1.0073
34,2022-08-22,Tbilisi,Georgia,2,monopoly,0,0,0,12510,8982,1296,11.9,0.644,0.0379,2.64,0.79,150998.0,0.9931
35,2022-08-29,Tbilisi,Georgia,2,monopoly,0,0,0,13704,9500,1344,11.92,0.658,0.0338,2.91,0.95,166059.0,1.0046
36,2022-09-05,Tbilisi,Georgia,2,monopoly,0,0,0,13107,9388,1468,11.8,0.655,0.0418,2.78,0.82,156972.0,0.9895
37,2022-09-12,Tbilisi,Georgia,2,monopoly,0,0,0,13944,9090,1135,11.73,0.678,0.0457,2.88,0.82,165799.0,0.9955
38,2022-09-19,Tbilisi,Georgia,2,monopoly,0,0,0,12770,8876,1197,11.47,0.688,0.0445,2.87,0.8,148602.0,0.9755
39,2022-09-26,Tbilisi,Georgia,2,monopoly,0,0,0,12767,9030,1632,11.74,0.672,0.0517,2.76,0.74,151889.0,0.9695
40,2022-10-03,Tbilisi,Georgia,2,monopoly,0,0,0,12685,9069,1241,11.63,0.667,0.0344,2.87,0.92,150030.0,0.9823
41,2022-10-10,Tbilisi,Georgia,2,monopoly,0,0,0,12926,9182,1577,11.93,0.653,0.0583,2.75,0.8,156411.0,0.9966
42,2022-10-17,Tbilisi,Georgia,2,monopoly,0,0,0,14918,9142,1166,11.62,0.664,0.047,2.69,0.86,175706.0,0.9997
43,2022-10-24,Tbilisi,Georgia,2,monopoly,0,0,0,12928,9222,1221,11.67,0.667,0.0485,2.62,0.89,153332.0,0.9985
44,2022-10-31,Tbilisi,Georgia,2,monopoly,0,0,0,13505,8801,1297,12.05,0.674,0.031,2.68,0.87,165032.0,0.9957
45,2022-11-07,Tbilisi,Georgia,2,monopoly,0,0,0,13296,8968,1235,11.71,0.653,0.0423,2.67,0.81,157875.0,0.981
46,2022-11-14,Tbilisi,Georgia,2,monopoly,0,0,0,13176,8825,1288,12.01,0.653,0.0488,2.84,0.93,160706.0,0.9797
47,2022-11-21,Tbilisi,Georgia,2,monopoly,0,0,0,12735,9048,1247,11.88,0.655,0.0404,2.91,1.1,154278.0,0.9817
48,2022-11-28,Tbilisi,Georgia,2,monopoly,0,0,0,14240,9209,1544,11.81,0.669,0.0541,2.77,0.81,170412.0,0.9998
49,2022-12-05,Tbilisi,Georgia,2,monopoly,0,0,0,15016,10003,1299,12.07,0.662,0.0512,2.98,0.91,183974.0,1.0036
50,2022-12-12,Tbilisi,Georgia,2,monopoly,0,0,0,14899,9863,1260,11.89,0.64,0.0504,2.82,0.9,179812.0,0.983
51,2022-12-19,Tbilisi,Georgia,2,monopoly,0,0,0,15111,10163,1639,11.87,0.657,0.0459,2.41,0.87,182020.0,0.9925
52,2022-12-26,Tbilisi,Georgia,2,monopoly,0,0,0,14350,10389,1347,11.73,0.667,0.0421,2.59,0.95,171286.0,0.9909
53,2023-01-02,Tbilisi,Georgia,2,monopoly,0,0,0,14053,10198,1773,11.93,0.662,0.0515,2.71,0.73,169886.0,0.9866
54,2023-01-09,Tbilisi,Georgia,2,monopoly,0,0,0,16147,10155,1555,11.51,0.687,0.0543,2.7,0.85,188441.0,0.998
55,2023-01-16,Tbilisi,Georgia,2,monopoly,0,0,0,13898,9234,1246,11.73,0.679,0.0497,3.0,0.83,165323.0,0.9697
56,2023-01-23,Tbilisi,Georgia,2,monopoly,0,0,0,15016,9673,1256,11.51,0.641,0.0637,2.76,0.86,175330.0,1.0168
57,2023-01-30,Tbilisi,Georgia,2,monopoly,0,0,0,14005,9924,1581,12.03,0.657,0.039,2.77,1.02,171517.0,1.0017
58,2023-02-06,Tbilisi,Georgia,2,monopoly,0,0,0,13835,9682,1132,11.74,0.661,0.0471,2.76,0.78,164688.0,0.9977
59,2023-02-13,Tbilisi,Georgia,2,monopoly,0,0,0,15506,10273,1672,11.93,0.656,0.0466,3.0,0.83,187545.0,1.0021
60,2023-02-20,Tbilisi,Georgia,2,monopoly,0,0,0,14485,10154,1472,12.04,0.643,0.0419,2.91,0.8,176836.0,1.0121
61,2023-02-27,Tbilisi,Georgia,2,monopoly,0,0,0,15267,10253,1624,11.55,0.718,0.0583,2.62,0.84,178918.0,1.0026
62,2023-03-06,Tbilisi,Georgia,2,monopoly,0,0,0,14789,10036,1489,11.64,0.648,0.0495,2.67,0.89,174824.0,0.9997
63,2023-03-13,Tbilisi,Georgia,2,monopoly,0,0,0,14197,9867,1501,11.84,0.682,0.0432,2.96,0.87,170668.0,0.9876
64,2023-03-20,Tbilisi,Georgia,2,monopoly,0,0,0,14870,10131,1481,11.59,0.671,0.0268,2.83,0.89,175048.0,0.9788
65,2023-03-27,Tbilisi,Georgia,2,monopoly,0,0,0,15607,10217,1335,11.95,0.658,0.0458,2.79,0.79,188925.0,0.9951
66,2023-04-03,Tbilisi,Georgia,2,monopoly,0,0,0,15556,10851,1709,11.79,0.682,0.0471,2.82,0.82,186075.0,1.0118
67,2023-04-10,Tbilisi,Georgia,2,monopoly,0,0,0,15449,11131,1807,11.94,0.669,0.0392,2.75,0.84,187266.0,1.0069
68,2023-04-17,Tbilisi,Georgia,2,monopoly,0,0,0,16941,11153,1780,11.67,0.668,0.055,2.81,0.91,200746.0,1.0155
69,2023-04-24,Tbilisi,Georgia,2,monopoly,0,0,0,15498,10556,1310,11.83,0.673,0.054,2.81,0.82,185938.0,1.014
70,2023-05-01,Tbilisi,Georgia,2,monopoly,0,0,0,14903,10300,1389,11.67,0.658,0.0323,2.73,0.84,176514.0,1.002
71,2023-05-08,Tbilisi,Georgia,2,monopoly,0,0,0,16024,10430,1956,11.82,0.681,0.0389,2.75,0.83,192001.0,1.0053
72,2023-05-15,Tbilisi,Georgia,2,monopoly,0,0,0,16014,10736,1330,12.17,0.654,0.0434,2.94,0.8,197467.0,1.0204
73,2023-05-22,Tbilisi,Georgia,2,monopoly,0,0,0,15545,10566,1755,11.91,0.674,0.0467,2.98,0.98,188247.0,1.0128
74,2023-05-29,Tbilisi,Georgia,2,monopoly,0,0,0,15945,10539,1197,11.87,0.675,0.0535,3.17,0.99,192397.0,1.0256
75,2023-06-05,Tbilisi,Georgia,2,monopoly,0,0,0,15850,10237,1779,11.53,0.698,0.0509,2.96,0.82,185269.0,0.9878
76,2023-06-12,Tbilisi,Georgia,2,monopoly,0,0,0,16047,10442,1451,11.52,0.658,0.0501,2.89,0.83,187461.0,1.0011
77,2023-06-19,Tbilisi,Georgia,2,monopoly,0,0,0,15808,10907,1509,11.91,0.674,0.0321,2.64,1.06,191742.0,1.0017
78,2023-06-26,Tbilisi,Georgia,2,monopoly,0,1,0,15922,10838,1767,11.8,0.644,0.0481,2.67,0.86,190676.0,0.9978
79,2023-07-03,Tbilisi,Georgia,2,monopoly,0,1,0,15659,10738,1344,11.86,0.683,0.0419,2.95,0.83,188390.0,0.9996
80,2023-07-10,Tbilisi,Georgia,2,monopoly,0,1,0,15268,10038,1509,11.31,0.683,0.0419,2.85,0.76,174970.0,0.9779
81,2023-07-17,Tbilisi,Georgia,2,monopoly,0,1,0,15713,10365,1436,11.86,0.667,0.0493,2.91,0.87,189061.0,0.9832
82,2023-07-24,Tbilisi,Georgia,2,monopoly,0,1,0,14405,10039,1713,11.72,0.671,0.0424,2.67,0.95,171688.0,0.993
83,2023-07-31,Tbilisi,Georgia,2,monopoly,0,1,0,14970,10690,1320,11.86,0.649,0.0449,2.81,0.85,180270.0,1.0117
84,2023-08-07,Tbilisi,Georgia,2,monopoly,0,1,0,15156,10244,1595,12.06,0.672,0.0674,2.74,0.84,185363.0,1.0019
85,2023-08-14,Tbilisi,Georgia,2,monopoly,0,1,0,15305,10000,1654,11.77,0.686,0.0516,2.82,0.81,182570.0,0.9923
86,2023-08-21,Tbilisi,Georgia,2,monopoly,0,1,0,14680,10319,1368,11.9,0.693,0.0521,3.0,0.73,176952.0,0.9895
87,2023-08-28,Tbilisi,Georgia,2,monopoly,0,1,0,14562,10478,1694,11.53,0.664,0.0508,2.99,0.82,170477.0,1.0032
88,2023-09-04,Tbilisi,Georgia,2,monopoly,0,1,0,14370,10753,1764,11.58,0.634,0.0428,2.68,0.84,169114.0,1.0057
89,2023-09-11,Tbilisi,Georgia,2,monopoly,0,1,0,16374,10378,1259,11.93,0.656,0.0353,2.85,0.97,198362.0,0.9979
90,2023-09-18,Tbilisi,Georgia,2,monopoly,0,1,0,14964,10351,1188,12.0,0.695,0.0402,2.86,0.93,182456.0,1.0043
91,2023-09-25,Tbilisi,Georgia,2,monopoly,0,1,0,15621,10659,1805,12.01,0.698,0.0426,2.9,0.84,190294.0,1.0038
92,2023-10-02,Tbilisi,Georgia,2,monopoly,0,1,0,16133,10109,1608,11.86,0.667,0.0423,2.85,0.89,194036.0,1.0132
93,2023-10-09,Tbilisi,Georgia,2,monopoly,0,1,0,15378,10078,1518,11.89,0.628,0.047,2.65,0.78,185203.0,1.0008
94,2023-10-16,Tbilisi,Georgia,2,monopoly,0,1,0,14772,10322,1404,11.8,0.661,0.0396,2.9,0.73,176570.0,0.9969
95,2023-10-23,Tbilisi,Georgia,2,monopoly,0,1,0,14685,10426,1743,11.92,0.673,0.0442,2.56,0.85,177704.0,0.9937
96,2023-10-30,Tbilisi,Georgia,2,monopoly,0,1,0,15371,10530,1638,11.67,0.652,0.0464,2.92,1.02,182602.0,0.9798
97,2023-11-06,Tbilisi,Georgia,2,monopoly,0,1,0,14737,10327,1285,11.95,0.672,0.0546,2.88,0.93,178988.0,0.9901
98,2023-11-13,Tbilisi,Georgia,2,monopoly,0,1,0,15031,10350,1736,11.68,0.662,0.0455,2.84,0.87,178263.0,0.9965
99,2023-11-20,Tbilisi,Georgia,2,monopoly,0,1,0,15354,10608,1673,11.85,0.67,0.0455,2.73,0.85,184650.0,0.9978
100,2023-11-27,Tbilisi,Georgia,2,monopoly,0,1,0,15243,10518,1280,11.68,0.665,0.0401,2.93,0.96,181067.0,0.996
101,2023-12-04,Tbilisi,Georgia,2,monopoly,0,1,0,16758,11270,1802,11.51,0.654,0.0583,2.65,0.82,195657.0,0.9818
102,2023-12-11,Tbilisi,Georgia,2,monopoly,0,1,0,16141,11304,1653,11.51,0.653,0.0463,2.67,0.83,188598.0,0.9835
103,2023-12-18,Tbilisi,Georgia,2,monopoly,0,1,0,16618,11362,1783,11.78,0.684,0.045,2.74,0.75,198316.0,0.9855
104,2023-12-25,Tbilisi,Georgia,2,monopoly,0,1,0,17786,12022,2129,11.72,0.689,0.06,3.12,0.75,211157.0,0.9818
1,2022-01-03,Yerevan,Armenia,3,monopoly,0,0,0,8247,5669,965,10.39,0.702,0.0647,2.85,1.06,87489.0,1.0055
2,2022-01-10,Yerevan,Armenia,3,monopoly,0,0,0,8756,5634,813,10.34,0.713,0.0511,2.95,0.95,92143.0,1.002
3,2022-01-17,Yerevan,Armenia,3,monopoly,0,0,0,8331,5315,732,10.73,0.717,0.0443,2.96,1.12,91177.0,1.0084
4,2022-01-24,Yerevan,Armenia,3,monopoly,0,0,0,8467,5386,856,10.55,0.716,0.0543,2.62,0.89,90765.0,1.0222
5,2022-01-31,Yerevan,Armenia,3,monopoly,0,0,0,8360,5765,975,10.52,0.708,0.0579,2.74,1.05,89763.0,1.0119
6,2022-02-07,Yerevan,Armenia,3,monopoly,0,0,0,8110,5607,944,10.65,0.728,0.0621,2.74,0.97,88003.0,1.0051
7,2022-02-14,Yerevan,Armenia,3,monopoly,0,0,0,8609,5817,722,10.66,0.745,0.0563,2.57,1.07,93639.0,1.0207
8,2022-02-21,Yerevan,Armenia,3,monopoly,0,0,0,8182,5937,778,10.47,0.698,0.0658,2.74,0.91,87286.0,1.0219
9,2022-02-28,Yerevan,Armenia,3,monopoly,0,0,0,8846,5788,750,10.42,0.718,0.0534,2.91,1.06,94016.0,1.0091
10,2022-03-07,Yerevan,Armenia,3,monopoly,0,0,0,8565,5792,915,10.64,0.727,0.06,2.86,1.03,92921.0,1.0119
11,2022-03-14,Yerevan,Armenia,3,monopoly,0,0,0,8685,5994,949,10.57,0.717,0.0534,2.8,1.09,93760.0,1.0026
12,2022-03-21,Yerevan,Armenia,3,monopoly,0,0,0,9095,5724,886,10.28,0.712,0.0413,2.65,0.97,95162.0,0.9966
13,2022-03-28,Yerevan,Armenia,3,monopoly,0,0,0,8806,5968,993,10.27,0.706,0.0426,3.03,1.02,92264.0,1.0004
14,2022-04-04,Yerevan,Armenia,3,monopoly,0,0,0,8980,5977,872,10.52,0.721,0.0518,2.87,1.03,96316.0,0.9792
15,2022-04-11,Yerevan,Armenia,3,monopoly,0,0,0,9329,6079,960,10.51,0.683,0.0604,2.84,0.99,99853.0,0.9675
16,2022-04-18,Yerevan,Armenia,3,monopoly,0,0,0,9333,6263,946,10.62,0.72,0.0461,2.78,0.93,100864.0,0.9727
17,2022-04-25,Yerevan,Armenia,3,monopoly,0,0,0,8866,5964,935,10.39,0.711,0.0485,2.63,1.0,93907.0,0.9711
18,2022-05-02,Yerevan,Armenia,3,monopoly,0,0,0,9332,5966,828,10.5,0.713,0.043,3.01,1.04,99847.0,0.9847
19,2022-05-09,Yerevan,Armenia,3,monopoly,0,0,0,8635,5969,775,10.46,0.706,0.0661,2.61,1.1,92292.0,0.9801
20,2022-05-16,Yerevan,Armenia,3,monopoly,0,0,0,8191,5659,768,10.22,0.728,0.043,2.69,1.03,85461.0,0.9132
21,2022-05-23,Yerevan,Armenia,3,monopoly,0,0,0,8548,6025,815,10.56,0.709,0.0435,2.71,1.07,92201.0,0.9677
22,2022-05-30,Yerevan,Armenia,3,monopoly,0,0,0,9250,6358,864,10.6,0.709,0.0675,2.8,0.9,99767.0,0.996
23,2022-06-06,Yerevan,Armenia,3,monopoly,0,0,0,9726,6076,749,10.69,0.696,0.0346,2.88,0.98,105757.0,0.9981
24,2022-06-13,Yerevan,Armenia,3,monopoly,0,0,0,9619,6147,1100,10.5,0.739,0.053,2.87,0.94,102733.0,0.9831
25,2022-06-20,Yerevan,Armenia,3,monopoly,0,0,0,9921,6156,946,10.53,0.705,0.0515,2.83,0.97,106260.0,0.983
26,2022-06-27,Yerevan,Armenia,3,monopoly,0,0,0,9746,6263,1097,10.7,0.682,0.0496,2.89,0.94,106048.0,0.9902
27,2022-07-04,Yerevan,Armenia,3,monopoly,0,0,0,9594,6184,929,10.44,0.701,0.0572,2.77,1.02,102054.0,0.981
28,2022-07-11,Yerevan,Armenia,3,monopoly,0,0,0,8636,6042,883,10.6,0.696,0.072,2.93,1.08,93499.0,0.9918
29,2022-07-18,Yerevan,Armenia,3,monopoly,0,0,0,8989,6106,986,10.46,0.706,0.05,2.85,0.96,95783.0,0.988
30,2022-07-25,Yerevan,Armenia,3,monopoly,0,0,0,8461,5921,750,10.35,0.685,0.0633,3.11,1.1,89525.0,0.989
31,2022-08-01,Yerevan,Armenia,3,monopoly,0,0,0,9067,5983,954,10.63,0.745,0.0508,2.53,1.02,98213.0,0.9862
32,2022-08-08,Yerevan,Armenia,3,monopoly,0,0,0,9320,6153,875,10.21,0.7,0.0594,2.8,1.04,97077.0,1.0114
33,2022-08-15,Yerevan,Armenia,3,monopoly,0,0,0,9620,6195,932,10.62,0.71,0.0358,2.89,0.99,104004.0,1.0073
34,2022-08-22,Yerevan,Armenia,3,monopoly,0,0,0,9356,6102,806,10.53,0.697,0.0491,2.8,1.07,100477.0,0.9931
35,2022-08-29,Yerevan,Armenia,3,monopoly,0,0,0,9890,6385,917,10.42,0.709,0.0602,2.79,0.96,104893.0,1.0046
36,2022-09-05,Yerevan,Armenia,3,monopoly,0,0,0,9785,6193,962,10.18,0.72,0.0473,2.96,0.99,101451.0,0.9895
37,2022-09-12,Yerevan,Armenia,3,monopoly,0,0,0,8839,6492,934,10.48,0.717,0.0459,2.78,1.01,94600.0,0.9955
38,2022-09-19,Yerevan,Armenia,3,monopoly,0,0,0,9059,6100,865,10.4,0.726,0.0633,2.58,1.01,96062.0,0.9755
39,2022-09-26,Yerevan,Armenia,3,monopoly,0,0,0,9035,5988,1086,10.43,0.692,0.0463,2.61,0.87,95798.0,0.9695
40,2022-10-03,Yerevan,Armenia,3,monopoly,0,0,0,8850,6048,1040,10.29,0.703,0.0444,3.02,1.06,92990.0,0.9823
41,2022-10-10,Yerevan,Armenia,3,monopoly,0,0,0,9830,6390,873,10.25,0.731,0.0528,2.7,0.87,102425.0,0.9966
42,2022-10-17,Yerevan,Armenia,3,monopoly,0,0,0,9294,6295,979,10.61,0.702,0.0587,2.82,1.07,100630.0,0.9997
43,2022-10-24,Yerevan,Armenia,3,monopoly,0,0,0,8899,6353,976,10.43,0.7,0.0552,2.6,1.11,94932.0,0.9985
44,2022-10-31,Yerevan,Armenia,3,monopoly,0,0,0,9680,6191,1152,10.44,0.733,0.0508,2.65,1.09,103084.0,0.9957
45,2022-11-07,Yerevan,Armenia,3,monopoly,0,0,0,9356,6129,960,10.48,0.715,0.0514,2.62,1.14,100147.0,0.981
46,2022-11-14,Yerevan,Armenia,3,monopoly,0,0,0,9175,6216,1000,10.49,0.7,0.0619,2.83,0.91,97943.0,0.9797
47,2022-11-21,Yerevan,Armenia,3,monopoly,0,0,0,9473,6474,933,10.51,0.724,0.0539,2.82,0.96,101426.0,0.9817
48,2022-11-28,Yerevan,Armenia,3,monopoly,0,0,0,10252,6445,895,10.83,0.749,0.0515,2.87,1.07,113098.0,0.9998
49,2022-12-05,Yerevan,Armenia,3,monopoly,0,0,0,10530,6871,1137,10.57,0.719,0.0602,2.64,1.09,113549.0,1.0036
50,2022-12-12,Yerevan,Armenia,3,monopoly,0,0,0,10420,6931,934,10.46,0.711,0.0548,2.9,0.99,111052.0,0.983
51,2022-12-19,Yerevan,Armenia,3,monopoly,0,0,0,11145,7001,1024,10.34,0.727,0.0555,2.97,0.95,117235.0,0.9925
52,2022-12-26,Yerevan,Armenia,3,monopoly,0,0,0,11161,7209,921,10.45,0.712,0.0436,3.06,0.87,118514.0,0.9909
53,2023-01-02,Yerevan,Armenia,3,monopoly,0,0,0,11169,7078,1036,10.47,0.692,0.0472,2.99,0.98,119020.0,0.9866
54,2023-01-09,Yerevan,Armenia,3,monopoly,0,0,0,11452,6981,898,10.58,0.714,0.0509,2.8,1.03,123319.0,0.998
55,2023-01-16,Yerevan,Armenia,3,monopoly,0,0,0,9706,6513,1199,10.31,0.731,0.053,2.87,0.96,101945.0,0.9697
56,2023-01-23,Yerevan,Armenia,3,monopoly,0,0,0,11079,6990,1087,10.47,0.73,0.0641,3.04,1.08,118262.0,1.0168
57,2023-01-30,Yerevan,Armenia,3,monopoly,0,0,0,10509,6716,1093,10.47,0.703,0.0312,3.21,1.0,112044.0,1.0017
58,2023-02-06,Yerevan,Armenia,3,monopoly,0,0,0,10050,6670,1200,10.34,0.681,0.0434,2.81,0.96,105838.0,0.9977
59,2023-02-13,Yerevan,Armenia,3,monopoly,0,0,0,11337,7137,1002,10.39,0.725,0.0509,2.56,1.06,120061.0,1.0021
60,2023-02-20,Yerevan,Armenia,3,monopoly,0,0,0,10103,7212,1253,10.61,0.714,0.0537,2.61,0.94,109227.0,1.0121
61,2023-02-27,Yerevan,Armenia,3,monopoly,0,0,0,10844,7145,1005,10.43,0.723,0.0476,2.85,0.99,115225.0,1.0026
62,2023-03-06,Yerevan,Armenia,3,monopoly,0,0,0,10139,7025,1113,10.3,0.696,0.055,2.79,0.97,106476.0,0.9997
63,2023-03-13,Yerevan,Armenia,3,monopoly,0,0,0,10131,7115,953,10.21,0.693,0.0618,2.82,1.02,105615.0,0.9876
64,2023-03-20,Yerevan,Armenia,3,monopoly,0,0,0,10494,6839,1173,10.69,0.723,0.0541,3.0,1.07,114376.0,0.9788
65,2023-03-27,Yerevan,Armenia,3,monopoly,0,0,0,11168,7108,1081,10.6,0.724,0.0566,2.69,1.01,120535.0,0.9951
66,2023-04-03,Yerevan,Armenia,3,monopoly,0,0,0,11863,7933,1251,10.4,0.72,0.0596,2.72,1.12,126041.0,1.0118
67,2023-04-10,Yerevan,Armenia,3,monopoly,0,0,0,11515,7516,1236,10.28,0.707,0.0527,2.62,1.03,120697.0,1.0069
68,2023-04-17,Yerevan,Armenia,3,monopoly,0,0,0,11475,7778,1381,10.56,0.708,0.0412,3.1,1.14,123836.0,1.0155
69,2023-04-24,Yerevan,Armenia,3,monopoly,0,0,0,11654,7393,973,10.19,0.704,0.0576,2.41,1.06,121105.0,1.014
70,2023-05-01,Yerevan,Armenia,3,monopoly,0,0,0,11489,7456,1269,10.78,0.714,0.0413,2.62,0.9,125865.0,1.002
71,2023-05-08,Yerevan,Armenia,3,monopoly,0,0,0,11431,7337,988,10.68,0.726,0.0553,2.73,1.06,124416.0,1.0053
72,2023-05-15,Yerevan,Armenia,3,monopoly,0,0,0,11947,7461,944,10.57,0.707,0.0553,2.67,1.02,128563.0,1.0204
73,2023-05-22,Yerevan,Armenia,3,monopoly,0,0,0,11595,7511,1369,10.72,0.736,0.0487,2.66,1.06,126687.0,1.0128
74,2023-05-29,Yerevan,Armenia,3,monopoly,0,0,0,12020,8217,1014,10.61,0.708,0.0525,2.96,1.05,130121.0,1.0256
75,2023-06-05,Yerevan,Armenia,3,monopoly,0,0,0,11208,7787,1139,10.74,0.706,0.0506,3.02,0.99,122687.0,0.9878
76,2023-06-12,Yerevan,Armenia,3,monopoly,0,0,0,11418,7664,1142,10.58,0.712,0.0476,2.68,1.04,123194.0,1.0011
77,2023-06-19,Yerevan,Armenia,3,monopoly,0,0,0,11866,7510,1308,10.72,0.703,0.0448,2.94,1.07,129614.0,1.0017
78,2023-06-26,Yerevan,Armenia,3,monopoly,0,1,0,11648,7607,968,10.27,0.679,0.0556,2.81,0.99,121884.0,0.9978
79,2023-07-03,Yerevan,Armenia,3,monopoly,0,1,0,11522,7940,1467,10.56,0.707,0.0458,2.78,1.04,124150.0,0.9996
80,2023-07-10,Yerevan,Armenia,3,monopoly,0,1,0,11237,7417,1388,10.5,0.708,0.0573,2.93,1.05,120325.0,0.9779
81,2023-07-17,Yerevan,Armenia,3,monopoly,0,1,0,10962,7159,879,10.62,0.71,0.0522,2.66,1.02,118607.0,0.9832
82,2023-07-24,Yerevan,Armenia,3,monopoly,0,1,0,10891,7209,1098,10.33,0.711,0.0663,2.7,1.04,114753.0,0.993
83,2023-07-31,Yerevan,Armenia,3,monopoly,0,1,0,10974,7479,1102,10.58,0.692,0.0601,2.69,1.03,118416.0,1.0117
84,2023-08-07,Yerevan,Armenia,3,monopoly,0,1,0,11050,7265,1167,10.53,0.712,0.0419,2.53,1.0,118536.0,1.0019
85,2023-08-14,Yerevan,Armenia,3,monopoly,0,1,0,10935,7333,1146,10.58,0.677,0.0591,2.88,0.93,117738.0,0.9923
86,2023-08-21,Yerevan,Armenia,3,monopoly,0,1,0,11442,7518,1006,10.42,0.708,0.0518,2.81,1.06,121616.0,0.9895
87,2023-08-28,Yerevan,Armenia,3,monopoly,0,1,0,10616,7622,972,10.31,0.719,0.0598,3.02,0.97,111669.0,1.0032
88,2023-09-04,Yerevan,Armenia,3,monopoly,0,1,0,10911,7772,1184,10.7,0.693,0.0581,2.85,1.0,119079.0,1.0057
89,2023-09-11,Yerevan,Armenia,3,monopoly,0,1,0,12034,7612,1406,10.36,0.726,0.0412,2.87,0.98,126910.0,0.9979
90,2023-09-18,Yerevan,Armenia,3,monopoly,0,1,0,10914,7928,1332,10.71,0.704,0.0508,2.83,1.05,119386.0,1.0043
91,2023-09-25,Yerevan,Armenia,3,monopoly,0,1,0,10918,7531,1282,10.54,0.715,0.0608,2.85,1.0,117335.0,1.0038
92,2023-10-02,Yerevan,Armenia,3,monopoly,0,1,0,11209,7637,876,10.04,0.727,0.0506,2.69,0.99,114807.0,1.0132
93,2023-10-09,Yerevan,Armenia,3,monopoly,0,1,0,10767,7674,1008,10.77,0.723,0.0574,2.91,0.85,117917.0,1.0008
94,2023-10-16,Yerevan,Armenia,3,monopoly,0,1,0,11467,7441,1037,10.36,0.693,0.0395,2.87,0.97,120963.0,0.9969
95,2023-10-23,Yerevan,Armenia,3,monopoly,0,1,0,10711,7428,1232,10.27,0.689,0.0691,2.77,1.04,112320.0,0.9937
96,2023-10-30,Yerevan,Armenia,3,monopoly,0,1,0,10067,7365,1222,10.58,0.704,0.0554,2.49,1.05,108829.0,0.9798
97,2023-11-06,Yerevan,Armenia,3,monopoly,0,1,0,11030,7467,1180,10.54,0.694,0.0519,2.83,1.03,118564.0,0.9901
98,2023-11-13,Yerevan,Armenia,3,monopoly,0,1,0,11691,7633,1068,10.72,0.707,0.0598,2.61,1.05,127732.0,0.9965
99,2023-11-20,Yerevan,Armenia,3,monopoly,0,1,0,11399,7417,1056,10.52,0.723,0.0475,2.97,1.1,122365.0,0.9978
100,2023-11-27,Yerevan,Armenia,3,monopoly,0,1,0,11809,7776,1175,10.66,0.696,0.052,2.91,1.05,128333.0,0.996
101,2023-12-04,Yerevan,Armenia,3,monopoly,0,1,0,12270,8373,1572,10.62,0.727,0.0429,2.95,0.98,132769.0,0.9818
102,2023-12-11,Yerevan,Armenia,3,monopoly,0,1,0,12398,8181,1398,10.35,0.707,0.0422,2.85,1.01,130798.0,0.9835
103,2023-12-18,Yerevan,Armenia,3,monopoly,0,1,0,12814,8286,1525,10.83,0.678,0.0564,2.66,0.91,141038.0,0.9855
104,2023-12-25,Yerevan,Armenia,3,monopoly,0,1,0,13299,8353,1448,10.54,0.721,0.0575,2.83,1.12,142978.0,0.9818
1,2022-01-03,Almaty,Kazakhstan,2,monopoly,0,0,0,18172,11567,1481,9.8,0.695,0.0396,2.6,0.79,180827.0,1.0055
2,2022-01-10,Almaty,Kazakhstan,2,monopoly,0,0,0,17388,11612,1582,9.97,0.681,0.0552,2.9,0.78,176076.0,1.002
3,2022-01-17,Almaty,Kazakhstan,2,monopoly,0,0,0,16019,11220,1498,9.7,0.676,0.0404,2.94,1.0,158750.0,1.0084
4,2022-01-24,Almaty,Kazakhstan,2,monopoly,0,0,0,18049,10897,1715,10.04,0.656,0.0479,2.71,0.85,183991.0,1.0222
5,2022-01-31,Almaty,Kazakhstan,2,monopoly,0,0,0,17122,11175,1705,9.83,0.672,0.0476,2.88,0.87,171226.0,1.0119
6,2022-02-07,Almaty,Kazakhstan,2,monopoly,0,0,0,17411,10850,1562,9.88,0.664,0.0512,2.74,0.84,174755.0,1.0051
7,2022-02-14,Almaty,Kazakhstan,2,monopoly,0,0,0,17866,11833,1958,9.61,0.672,0.0528,2.68,0.76,174390.0,1.0207
8,2022-02-21,Almaty,Kazakhstan,2,monopoly,0,0,0,17338,11557,1605,9.82,0.654,0.0415,2.91,0.87,173276.0,1.0219
9,2022-02-28,Almaty,Kazakhstan,2,monopoly,0,0,0,17898,11561,1363,10.01,0.67,0.0516,2.77,0.91,182315.0,1.0091
10,2022-03-07,Almaty,Kazakhstan,2,monopoly,0,0,0,17810,11654,1842,9.8,0.654,0.0542,2.8,0.83,177440.0,1.0119
11,2022-03-14,Almaty,Kazakhstan,2,monopoly,0,0,0,18878,11371,1568,9.82,0.677,0.0428,2.84,0.7,187770.0,1.0026
12,2022-03-21,Almaty,Kazakhstan,2,monopoly,0,0,0,17964,11114,1906,9.81,0.676,0.0348,2.8,0.79,178861.0,0.9966
13,2022-03-28,Almaty,Kazakhstan,2,monopoly,0,0,0,18150,11971,1846,9.86,0.662,0.0491,2.69,0.95,182371.0,1.0004
14,2022-04-04,Almaty,Kazakhstan,2,monopoly,0,0,0,19050,12232,2155,9.91,0.66,0.0462,2.86,0.9,192088.0,0.9792
15,2022-04-11,Almaty,Kazakhstan,2,monopoly,0,0,0,18580,12672,2008,9.76,0.675,0.0395,3.01,0.83,184496.0,0.9675
16,2022-04-18,Almaty,Kazakhstan,2,monopoly,0,0,0,19666,11947,1814,9.8,0.66,0.0405,2.76,0.82,195666.0,0.9727
17,2022-04-25,Almaty,Kazakhstan,2,monopoly,0,0,0,17693,11701,2040,9.98,0.685,0.0525,2.68,0.86,179595.0,0.9711
18,2022-05-02,Almaty,Kazakhstan,2,monopoly,0,0,0,18242,11543,1931,9.75,0.666,0.0515,2.79,0.71,180318.0,0.9847
19,2022-05-09,Almaty,Kazakhstan,2,monopoly,0,0,0,19054,11576,1801,9.97,0.695,0.0483,2.65,0.79,192712.0,0.9801
20,2022-05-16,Almaty,Kazakhstan,2,monopoly,0,0,0,17177,10831,1865,9.84,0.666,0.0508,2.55,0.88,171881.0,0.9132
21,2022-05-23,Almaty,Kazakhstan,2,monopoly,0,0,0,17943,11975,1421,9.85,0.657,0.0451,2.59,0.78,179541.0,0.9677
22,2022-05-30,Almaty,Kazakhstan,2,monopoly,0,0,0,18658,11950,2032,10.03,0.683,0.0615,2.73,0.82,190079.0,0.996
23,2022-06-06,Almaty,Kazakhstan,2,monopoly,0,0,0,18448,12491,2100,9.72,0.664,0.0551,2.82,0.79,182275.0,0.9981
24,2022-06-13,Almaty,Kazakhstan,2,monopoly,0,0,0,18257,12089,1948,9.77,0.667,0.0399,2.96,0.8,181272.0,0.9831
25,2022-06-20,Almaty,Kazakhstan,2,monopoly,0,0,0,17549,12134,1577,9.93,0.659,0.0572,2.7,0.97,177793.0,0.983
26,2022-06-27,Almaty,Kazakhstan,2,monopoly,0,0,0,19113,12309,1743,9.72,0.666,0.0458,2.71,0.86,188954.0,0.9902
27,2022-07-04,Almaty,Kazakhstan,2,monopoly,0,0,0,18835,12093,1861,9.88,0.692,0.0531,2.93,0.9,189355.0,0.981
28,2022-07-11,Almaty,Kazakhstan,2,monopoly,0,0,0,17616,12396,2181,9.53,0.672,0.0411,2.73,0.84,171004.0,0.9918
29,2022-07-18,Almaty,Kazakhstan,2,monopoly,0,0,0,18908,11550,1847,9.89,0.655,0.0436,3.04,0.82,189841.0,0.988
30,2022-07-25,Almaty,Kazakhstan,2,monopoly,0,0,0,18755,11556,2040,9.63,0.687,0.0382,2.58,0.97,183973.0,0.989
31,2022-08-01,Almaty,Kazakhstan,2,monopoly,0,0,0,18216,11276,1514,9.98,0.653,0.0483,2.79,1.09,185483.0,0.9862
32,2022-08-08,Almaty,Kazakhstan,2,monopoly,0,0,0,17933,11946,1424,9.77,0.682,0.0503,2.71,0.82,178144.0,1.0114
33,2022-08-15,Almaty,Kazakhstan,2,monopoly,0,0,0,19057,12306,1562,9.7,0.699,0.0417,2.59,0.92,188249.0,1.0073
34,2022-08-22,Almaty,Kazakhstan,2,monopoly,0,0,0,19242,11673,1328,10.08,0.663,0.042,2.93,0.79,196726.0,0.9931
35,2022-08-29,Almaty,Kazakhstan,2,monopoly,0,0,0,18429,12473,1506,9.96,0.701,0.0472,2.77,0.71,186210.0,1.0046
36,2022-09-05,Almaty,Kazakhstan,2,monopoly,0,0,0,19283,12161,1828,9.64,0.671,0.0369,2.8,0.78,188734.0,0.9895
37,2022-09-12,Almaty,Kazakhstan,2,monopoly,0,0,0,18973,12139,2034,10.04,0.655,0.0511,2.86,0.92,193839.0,0.9955
38,2022-09-19,Almaty,Kazakhstan,2,monopoly,0,0,0,17229,12174,1560,9.62,0.672,0.0583,2.74,1.01,169432.0,0.9755
39,2022-09-26,Almaty,Kazakhstan,2,monopoly,0,0,0,16850,11835,2069,9.69,0.676,0.0513,2.71,0.77,166010.0,0.9695
40,2022-10-03,Almaty,Kazakhstan,2,monopoly,0,0,0,17899,11759,1550,9.88,0.677,0.0458,2.75,0.78,179594.0,0.9823
41,2022-10-10,Almaty,Kazakhstan,2,monopoly,0,0,0,19218,11944,1779,9.52,0.66,0.0416,2.64,0.84,185965.0,0.9966
42,2022-10-17,Almaty,Kazakhstan,2,monopoly,0,0,0,18899,11662,1725,9.81,0.654,0.0406,2.79,0.87,188443.0,0.9997
43,2022-10-24,Almaty,Kazakhstan,2,monopoly,0,0,0,18170,11990,1758,9.73,0.655,0.0553,2.8,0.71,179348.0,0.9985
44,2022-10-31,Almaty,Kazakhstan,2,monopoly,0,0,0,17965,12202,1503,9.97,0.688,0.0375,2.82,0.75,181857.0,0.9957
45,2022-11-07,Almaty,Kazakhstan,2,monopoly,0,0,0,18678,12133,1508,9.83,0.658,0.0418,2.89,0.87,186771.0,0.981
46,2022-11-14,Almaty,Kazakhstan,2,monopoly,0,0,0,18600,11831,1462,9.74,0.68,0.056,2.81,0.76,183861.0,0.9797
47,2022-11-21,Almaty,Kazakhstan,2,monopoly,0,0,0,18794,11740,1825,9.98,0.677,0.0545,2.87,1.06,191297.0,0.9817
48,2022-11-28,Almaty,Kazakhstan,2,monopoly,0,0,0,18795,12360,1495,9.74,0.671,0.0449,2.8,0.85,186215.0,0.9998
49,2022-12-05,Almaty,Kazakhstan,2,monopoly,0,0,0,21459,13369,2241,9.82,0.651,0.0446,2.9,0.75,213735.0,1.0036
50,2022-12-12,Almaty,Kazakhstan,2,monopoly,0,0,0,21257,13053,1993,10.02,0.665,0.0366,2.86,0.8,216128.0,0.983
51,2022-12-19,Almaty,Kazakhstan,2,monopoly,0,0,0,21153,13667,2413,9.94,0.684,0.0436,2.98,0.78,213459.0,0.9925
52,2022-12-26,Almaty,Kazakhstan,2,monopoly,0,0,0,21550,13887,2312,9.78,0.687,0.0426,2.98,0.76,213925.0,0.9909
53,2023-01-02,Almaty,Kazakhstan,2,monopoly,0,0,0,21246,13466,1720,10.09,0.687,0.0458,2.86,0.83,217725.0,0.9866
54,2023-01-09,Almaty,Kazakhstan,2,monopoly,0,0,0,20390,13472,1796,9.88,0.649,0.0491,2.74,0.87,204969.0,0.998
55,2023-01-16,Almaty,Kazakhstan,2,monopoly,0,0,0,19243,12297,2116,9.54,0.664,0.0567,2.77,0.94,187046.0,0.9697
56,2023-01-23,Almaty,Kazakhstan,2,monopoly,0,0,0,19842,13151,1654,9.94,0.645,0.0461,2.78,0.8,200386.0,1.0168
57,2023-01-30,Almaty,Kazakhstan,2,monopoly,0,0,0,19385,12751,2079,9.8,0.686,0.0385,2.65,0.82,193110.0,1.0017
58,2023-02-06,Almaty,Kazakhstan,2,monopoly,0,0,0,18831,12836,1706,9.99,0.657,0.052,2.79,0.75,191010.0,0.9977
59,2023-02-13,Almaty,Kazakhstan,2,monopoly,0,0,0,20587,13250,1715,9.77,0.649,0.0395,2.72,0.93,204832.0,1.0021
60,2023-02-20,Almaty,Kazakhstan,2,monopoly,0,0,0,20133,13081,1742,9.94,0.675,0.0462,2.83,0.86,203497.0,1.0121
61,2023-02-27,Almaty,Kazakhstan,2,monopoly,0,0,0,20330,13080,1619,9.59,0.655,0.0465,2.94,0.79,198065.0,1.0026
62,2023-03-06,Almaty,Kazakhstan,2,monopoly,0,0,0,19737,13283,2337,10.05,0.671,0.0442,2.9,0.83,201664.0,0.9997
63,2023-03-13,Almaty,Kazakhstan,2,monopoly,0,0,0,20805,13301,2326,9.79,0.68,0.0388,2.83,0.8,206873.0,0.9876
64,2023-03-20,Almaty,Kazakhstan,2,monopoly,0,0,0,21638,13416,1668,9.56,0.654,0.0507,2.71,0.82,210160.0,0.9788
65,2023-03-27,Almaty,Kazakhstan,2,monopoly,0,0,0,20823,13255,2217,9.73,0.653,0.0453,2.68,0.79,205749.0,0.9951
66,2023-04-03,Almaty,Kazakhstan,2,monopoly,0,0,0,21914,14760,1866,9.85,0.677,0.0529,2.89,0.81,219440.0,1.0118
67,2023-04-10,Almaty,Kazakhstan,2,monopoly,0,0,0,22203,14222,1954,9.94,0.656,0.0481,2.61,0.78,224026.0,1.0069
68,2023-04-17,Almaty,Kazakhstan,2,monopoly,0,0,0,21781,14997,2305,9.55,0.671,0.0408,2.61,0.9,212058.0,1.0155
69,2023-04-24,Almaty,Kazakhstan,2,monopoly,0,0,0,22426,13841,2527,9.88,0.654,0.0462,2.74,0.8,224891.0,1.014
70,2023-05-01,Almaty,Kazakhstan,2,monopoly,0,0,0,22302,14486,1944,9.92,0.673,0.045,2.6,0.86,224973.0,1.002
71,2023-05-08,Almaty,Kazakhstan,2,monopoly,0,0,0,22958,14625,2324,9.73,0.692,0.0504,2.58,0.81,226935.0,1.0053
72,2023-05-15,Almaty,Kazakhstan,2,monopoly,0,0,0,20749,14145,1883,9.8,0.671,0.0472,2.71,0.89,207117.0,1.0204
73,2023-05-22,Almaty,Kazakhstan,2,monopoly,0,0,0,22185,13807,2039,9.81,0.674,0.0457,2.9,0.8,220949.0,1.0128
74,2023-05-29,Almaty,Kazakhstan,2,monopoly,0,0,0,23222,14602,2072,9.97,0.686,0.0413,2.9,0.78,234940.0,1.0256
75,2023-06-05,Almaty,Kazakhstan,2,monopoly,0,0,0,21704,14258,2052,9.72,0.653,0.0523,2.58,0.84,214556.0,0.9878
76,2023-06-12,Almaty,Kazakhstan,2,monopoly,0,0,0,23214,14434,2402,9.99,0.684,0.0499,2.88,0.87,235675.0,1.0011
77,2023-06-19,Almaty,Kazakhstan,2,monopoly,0,0,0,22495,14034,1933,9.62,0.691,0.0457,2.69,0.84,219938.0,1.0017
78,2023-06-26,Almaty,Kazakhstan,2,monopoly,0,1,0,22138,14102,2480,9.65,0.7,0.0467,3.03,0.91,217482.0,0.9978
79,2023-07-03,Almaty,Kazakhstan,2,monopoly,0,1,0,21324,14393,2125,10.02,0.683,0.0442,2.89,0.79,217078.0,0.9996
80,2023-07-10,Almaty,Kazakhstan,2,monopoly,0,1,0,20661,13633,2033,9.87,0.67,0.0488,2.68,0.94,207769.0,0.9779
81,2023-07-17,Almaty,Kazakhstan,2,monopoly,0,1,0,19843,13562,2056,9.89,0.67,0.0491,2.71,0.91,199950.0,0.9832
82,2023-07-24,Almaty,Kazakhstan,2,monopoly,0,1,0,19983,13573,1818,9.87,0.67,0.0375,3.23,0.86,200734.0,0.993
83,2023-07-31,Almaty,Kazakhstan,2,monopoly,0,1,0,21971,13776,2095,9.61,0.661,0.0384,2.96,0.82,214530.0,1.0117
84,2023-08-07,Almaty,Kazakhstan,2,monopoly,0,1,0,21861,13442,2267,9.56,0.669,0.0452,2.91,0.81,212258.0,1.0019
85,2023-08-14,Almaty,Kazakhstan,2,monopoly,0,1,0,21481,13872,2191,10.04,0.65,0.0403,2.83,0.97,219706.0,0.9923
86,2023-08-21,Almaty,Kazakhstan,2,monopoly,0,1,0,20528,14095,2563,9.81,0.68,0.0481,2.87,0.88,205101.0,0.9895
87,2023-08-28,Almaty,Kazakhstan,2,monopoly,0,1,0,20320,14136,1737,9.64,0.66,0.047,2.91,0.91,199744.0,1.0032
88,2023-09-04,Almaty,Kazakhstan,2,monopoly,0,1,0,21149,14337,2128,10.06,0.666,0.0536,2.81,0.75,215985.0,1.0057
89,2023-09-11,Almaty,Kazakhstan,2,monopoly,0,1,0,22516,13781,2281,9.68,0.664,0.0586,2.72,0.73,220973.0,0.9979
90,2023-09-18,Almaty,Kazakhstan,2,monopoly,0,1,0,23002,13884,2010,10.07,0.688,0.0463,2.77,0.75,234754.0,1.0043
91,2023-09-25,Almaty,Kazakhstan,2,monopoly,0,1,0,21645,14059,1811,9.93,0.684,0.0456,2.87,0.85,218520.0,1.0038
92,2023-10-02,Almaty,Kazakhstan,2,monopoly,0,1,0,22125,14596,2592,9.77,0.655,0.0495,2.7,0.72,219314.0,1.0132
93,2023-10-09,Almaty,Kazakhstan,2,monopoly,0,1,0,20966,13664,2276,9.78,0.666,0.0495,2.97,0.89,208696.0,1.0008
94,2023-10-16,Almaty,Kazakhstan,2,monopoly,0,1,0,22102,14070,1808,9.77,0.694,0.0425,2.66,0.91,219778.0,0.9969
95,2023-10-23,Almaty,Kazakhstan,2,monopoly,0,1,0,21717,14421,2425,9.98,0.659,0.0439,2.78,0.89,220586.0,0.9937
96,2023-10-30,Almaty,Kazakhstan,2,monopoly,0,1,0,21697,13230,2033,9.74,0.682,0.0456,2.78,0.83,214623.0,0.9798
97,2023-11-06,Almaty,Kazakhstan,2,monopoly,0,1,0,20945,13995,2415,9.84,0.657,0.044,2.66,0.9,209877.0,0.9901
98,2023-11-13,Almaty,Kazakhstan,2,monopoly,0,1,0,22062,14082,2202,9.66,0.694,0.0488,2.78,0.92,217006.0,0.9965
99,2023-11-20,Almaty,Kazakhstan,2,monopoly,0,1,0,21499,13860,2483,9.91,0.701,0.0482,2.85,0.76,216215.0,0.9978
100,2023-11-27,Almaty,Kazakhstan,2,monopoly,0,1,0,20748,13777,2452,10.04,0.669,0.0395,2.82,0.86,211864.0,0.996
101,2023-12-04,Almaty,Kazakhstan,2,monopoly,0,1,0,23664,15356,2272,9.78,0.669,0.0411,2.88,0.93,235718.0,0.9818
102,2023-12-11,Almaty,Kazakhstan,2,monopoly,0,1,0,23726,14937,2161,9.8,0.666,0.0529,2.79,0.81,236144.0,0.9835
103,2023-12-18,Almaty,Kazakhstan,2,monopoly,0,1,0,24737,15410,2323,9.34,0.661,0.0391,2.44,0.89,235158.0,0.9855
104,2023-12-25,Almaty,Kazakhstan,2,monopoly,0,1,0,24072,15995,2690,10.0,0.674,0.0518,2.52,0.85,244799.0,0.9818
1,2022-01-03,Casablanca,Morocco,2,monopoly,0,0,0,22768,14377,2642,8.32,0.671,0.0495,2.93,0.66,192276.0,1.0055
2,2022-01-10,Casablanca,Morocco,2,monopoly,0,0,0,22134,14109,2315,8.48,0.659,0.0577,2.66,0.58,190151.0,1.002
3,2022-01-17,Casablanca,Morocco,2,monopoly,0,0,0,21871,14037,1812,8.45,0.666,0.0538,2.83,0.59,187294.0,1.0084
4,2022-01-24,Casablanca,Morocco,2,monopoly,0,0,0,23146,15242,2082,8.43,0.695,0.0446,2.7,0.61,197910.0,1.0222
5,2022-01-31,Casablanca,Morocco,2,monopoly,0,0,0,22175,15027,2102,8.22,0.677,0.0507,2.83,0.64,185164.0,1.0119
6,2022-02-07,Casablanca,Morocco,2,monopoly,0,0,0,21046,14521,1987,8.55,0.65,0.0446,2.65,0.57,182426.0,1.0051
7,2022-02-14,Casablanca,Morocco,2,monopoly,0,0,0,24536,15367,2003,8.64,0.663,0.0289,2.73,0.62,214849.0,1.0207
8,2022-02-21,Casablanca,Morocco,2,monopoly,0,0,0,23896,14963,1917,8.38,0.711,0.048,2.77,0.6,202942.0,1.0219
9,2022-02-28,Casablanca,Morocco,2,monopoly,0,0,0,24294,14775,2096,8.42,0.673,0.0495,2.95,0.6,207215.0,1.0091
10,2022-03-07,Casablanca,Morocco,2,monopoly,0,0,0,22096,15401,2407,8.76,0.675,0.0405,2.66,0.57,196195.0,1.0119
11,2022-03-14,Casablanca,Morocco,2,monopoly,0,0,0,22412,15114,2231,8.66,0.652,0.0538,2.6,0.71,197307.0,1.0026
12,2022-03-21,Casablanca,Morocco,2,monopoly,0,0,0,22793,14413,2383,8.37,0.672,0.0564,2.57,0.76,194064.0,0.9966
13,2022-03-28,Casablanca,Morocco,2,monopoly,0,0,0,25735,16707,2485,8.68,0.679,0.0441,2.75,0.58,226287.0,1.0004
14,2022-04-04,Casablanca,Morocco,2,monopoly,0,0,0,24676,16152,2643,8.47,0.692,0.0524,2.85,0.66,212204.0,0.9792
15,2022-04-11,Casablanca,Morocco,2,monopoly,0,0,0,22835,16646,2539,8.32,0.681,0.0494,3.03,0.68,193383.0,0.9675
16,2022-04-18,Casablanca,Morocco,2,monopoly,0,0,0,23618,15828,1955,8.45,0.66,0.0391,2.83,0.59,202374.0,0.9727
17,2022-04-25,Casablanca,Morocco,2,monopoly,0,0,0,22841,15201,2113,8.43,0.656,0.0287,2.68,0.55,195058.0,0.9711
18,2022-05-02,Casablanca,Morocco,2,monopoly,0,0,0,22112,15296,1907,8.54,0.646,0.0391,2.7,0.5,191131.0,0.9847
19,2022-05-09,Casablanca,Morocco,2,monopoly,0,0,0,21386,15033,2270,8.44,0.649,0.0399,2.8,0.73,183790.0,0.9801
20,2022-05-16,Casablanca,Morocco,2,monopoly,0,0,0,21494,14183,2267,8.53,0.694,0.0521,2.59,0.56,185727.0,0.9132
21,2022-05-23,Casablanca,Morocco,2,monopoly,0,0,0,23200,15712,2290,8.69,0.645,0.0496,3.07,0.62,204530.0,0.9677
22,2022-05-30,Casablanca,Morocco,2,monopoly,0,0,0,24142,15778,2767,8.44,0.667,0.0475,2.46,0.53,206267.0,0.996
23,2022-06-06,Casablanca,Morocco,2,monopoly,0,0,0,23445,15409,2332,8.62,0.7,0.0448,2.72,0.66,205147.0,0.9981
24,2022-06-13,Casablanca,Morocco,2,monopoly,0,0,0,22574,15780,2226,8.48,0.649,0.0444,2.68,0.76,195025.0,0.9831
25,2022-06-20,Casablanca,Morocco,2,monopoly,0,0,0,24751,15801,2737,8.44,0.671,0.0378,2.8,0.5,211269.0,0.983
26,2022-06-27,Casablanca,Morocco,2,monopoly,0,0,0,24473,16239,2182,8.62,0.677,0.0479,2.97,0.71,214416.0,0.9902
27,2022-07-04,Casablanca,Morocco,2,monopoly,0,0,0,23486,15757,1736,8.48,0.665,0.0504,2.62,0.5,201525.0,0.981
28,2022-07-11,Casablanca,Morocco,2,monopoly,0,0,0,22124,14978,2545,8.61,0.653,0.045,2.94,0.66,193453.0,0.9918
29,2022-07-18,Casablanca,Morocco,2,monopoly,0,0,0,22745,15085,1939,8.6,0.69,0.0473,2.71,0.56,198141.0,0.988
30,2022-07-25,Casablanca,Morocco,2,monopoly,0,0,0,22121,14702,1931,8.51,0.666,0.0521,2.82,0.56,190720.0,0.989
31,2022-08-01,Casablanca,Morocco,2,monopoly,0,0,0,23629,15187,2354,8.68,0.658,0.0402,2.8,0.5,207378.0,0.9862
32,2022-08-08,Casablanca,Morocco,2,monopoly,0,0,0,23421,15588,2044,8.53,0.66,0.0613,2.71,0.78,203429.0,1.0114
33,2022-08-15,Casablanca,Morocco,2,monopoly,0,0,0,22592,15842,2599,8.71,0.677,0.0476,2.52,0.64,199818.0,1.0073
34,2022-08-22,Casablanca,Morocco,2,monopoly,0,0,0,24083,15489,2359,8.52,0.674,0.0499,2.93,0.72,208533.0,0.9931
35,2022-08-29,Casablanca,Morocco,2,monopoly,0,0,0,21963,14968,1965,8.35,0.651,0.0586,2.79,0.57,185951.0,1.0046
36,2022-09-05,Casablanca,Morocco,2,monopoly,0,0,0,22913,15282,2117,8.68,0.689,0.0546,2.75,0.7,202094.0,0.9895
37,2022-09-12,Casablanca,Morocco,2,monopoly,0,0,0,22546,16021,1993,8.8,0.656,0.0492,2.85,0.62,201385.0,0.9955
38,2022-09-19,Casablanca,Morocco,2,monopoly,0,0,0,24158,15692,2132,8.53,0.661,0.0488,2.82,0.6,208892.0,0.9755
39,2022-09-26,Casablanca,Morocco,2,monopoly,0,0,0,24797,15756,2327,8.51,0.678,0.0462,2.7,0.68,214237.0,0.9695
40,2022-10-03,Casablanca,Morocco,2,monopoly,0,0,0,24002,15828,2652,8.3,0.663,0.0416,3.16,0.71,202588.0,0.9823
41,2022-10-10,Casablanca,Morocco,2,monopoly,0,0,0,23137,15694,2356,8.32,0.672,0.0529,2.88,0.66,195607.0,0.9966
42,2022-10-17,Casablanca,Morocco,2,monopoly,0,0,0,24843,16119,1895,8.51,0.666,0.0461,2.83,0.78,215186.0,0.9997
43,2022-10-24,Casablanca,Morocco,2,monopoly,0,0,0,24970,16149,2536,8.84,0.68,0.0359,2.68,0.59,223593.0,0.9985
44,2022-10-31,Casablanca,Morocco,2,monopoly,0,0,0,25269,16492,2651,8.5,0.673,0.0476,2.77,0.62,217854.0,0.9957
45,2022-11-07,Casablanca,Morocco,2,monopoly,0,0,0,23009,16182,2749,8.51,0.66,0.053,2.74,0.55,198477.0,0.981
46,2022-11-14,Casablanca,Morocco,2,monopoly,0,0,0,23354,15958,2017,8.49,0.679,0.035,2.88,0.62,201244.0,0.9797
47,2022-11-21,Casablanca,Morocco,2,monopoly,0,0,0,23376,16517,2469,8.49,0.67,0.0541,2.75,0.57,201287.0,0.9817
48,2022-11-28,Casablanca,Morocco,2,monopoly,0,0,0,25394,16891,3009,8.61,0.656,0.0474,3.08,0.42,220771.0,0.9998
49,2022-12-05,Casablanca,Morocco,2,monopoly,0,0,0,23720,16413,1983,8.54,0.672,0.0508,2.81,0.47,204883.0,1.0036
50,2022-12-12,Casablanca,Morocco,2,monopoly,0,0,0,25269,16060,2329,8.39,0.668,0.0491,2.92,0.55,214657.0,0.983
51,2022-12-19,Casablanca,Morocco,2,monopoly,0,0,0,25973,16895,2622,8.49,0.662,0.0535,2.66,0.57,223400.0,0.9925
52,2022-12-26,Casablanca,Morocco,2,monopoly,0,0,0,24266,16249,2781,8.19,0.646,0.0428,2.74,0.58,201566.0,0.9909
53,2023-01-02,Casablanca,Morocco,2,monopoly,0,0,0,25504,16906,2419,8.66,0.67,0.0424,2.63,0.55,223654.0,0.9866
54,2023-01-09,Casablanca,Morocco,2,monopoly,0,0,0,24768,16340,2124,8.47,0.677,0.0476,2.74,0.66,213020.0,0.998
55,2023-01-16,Casablanca,Morocco,2,monopoly,0,0,0,25055,16592,2777,8.69,0.679,0.0557,2.8,0.69,221162.0,0.9697
56,2023-01-23,Casablanca,Morocco,2,monopoly,0,0,0,25588,16980,2512,8.71,0.68,0.0541,2.92,0.57,225775.0,1.0168
57,2023-01-30,Casablanca,Morocco,2,monopoly,0,0,0,26384,17326,2639,8.79,0.692,0.0397,2.86,0.67,235398.0,1.0017
58,2023-02-06,Casablanca,Morocco,2,monopoly,0,0,0,25398,17681,2964,8.49,0.665,0.0262,2.84,0.64,219024.0,0.9977
59,2023-02-13,Casablanca,Morocco,2,monopoly,0,0,0,24933,17487,3089,8.36,0.659,0.0544,2.85,0.67,211955.0,1.0021
60,2023-02-20,Casablanca,Morocco,2,monopoly,0,0,0,27498,17578,2625,8.52,0.66,0.0494,2.81,0.62,237552.0,1.0121
61,2023-02-27,Casablanca,Morocco,2,monopoly,0,0,0,26479,16687,2020,8.63,0.658,0.0411,3.0,0.63,231668.0,1.0026
62,2023-03-06,Casablanca,Morocco,2,monopoly,0,0,0,25168,17641,3052,8.5,0.703,0.0467,2.81,0.68,217527.0,0.9997
63,2023-03-13,Casablanca,Morocco,2,monopoly,0,0,0,27487,17396,2327,8.68,0.675,0.0487,2.67,0.67,242084.0,0.9876
64,2023-03-20,Casablanca,Morocco,2,monopoly,0,0,0,26880,17159,2490,8.56,0.678,0.048,2.58,0.61,233233.0,0.9788
65,2023-03-27,Casablanca,Morocco,2,monopoly,0,0,0,30519,20071,2495,8.67,0.653,0.0446,2.77,0.69,268754.0,0.9951
66,2023-04-03,Casablanca,Morocco,2,monopoly,0,0,0,30012,19992,2578,8.51,0.646,0.0545,2.86,0.59,258941.0,1.0118
67,2023-04-10,Casablanca,Morocco,2,monopoly,0,0,0,29829,20060,3264,8.71,0.682,0.0437,2.76,0.67,263843.0,1.0069
68,2023-04-17,Casablanca,Morocco,2,monopoly,0,0,0,31379,19753,2944,8.57,0.657,0.0504,2.77,0.55,272177.0,1.0155
69,2023-04-24,Casablanca,Morocco,2,monopoly,0,0,0,27558,18126,2447,8.44,0.652,0.0463,2.82,0.6,235852.0,1.014
70,2023-05-01,Casablanca,Morocco,2,monopoly,0,0,0,27411,18518,3462,8.34,0.671,0.0489,2.96,0.64,232163.0,1.002
71,2023-05-08,Casablanca,Morocco,2,monopoly,0,0,0,28798,18577,2741,8.32,0.631,0.0442,2.9,0.66,243278.0,1.0053
72,2023-05-15,Casablanca,Morocco,2,monopoly,0,0,0,26138,18228,2881,8.66,0.671,0.0504,2.57,0.62,229745.0,1.0204
73,2023-05-22,Casablanca,Morocco,2,monopoly,0,0,0,27264,18941,2445,8.39,0.669,0.0357,2.45,0.64,232382.0,1.0128
74,2023-05-29,Casablanca,Morocco,2,monopoly,0,0,0,26417,19303,2511,8.34,0.663,0.0434,2.88,0.61,223850.0,1.0256
75,2023-06-05,Casablanca,Morocco,2,monopoly,0,0,0,27654,18721,2621,8.44,0.639,0.0386,2.6,0.7,237331.0,0.9878
76,2023-06-12,Casablanca,Morocco,2,monopoly,0,0,0,27835,18199,3136,8.58,0.653,0.054,2.79,0.63,242264.0,1.0011
77,2023-06-19,Casablanca,Morocco,2,monopoly,0,0,0,26307,18689,3046,8.37,0.678,0.0488,2.74,0.67,223946.0,1.0017
78,2023-06-26,Casablanca,Morocco,2,monopoly,0,1,0,28350,18051,2964,8.55,0.67,0.0374,2.64,0.71,246237.0,0.9978
79,2023-07-03,Casablanca,Morocco,2,monopoly,0,1,0,27348,18838,3315,8.81,0.667,0.0528,2.89,0.66,244666.0,0.9996
80,2023-07-10,Casablanca,Morocco,2,monopoly,0,1,0,26241,17506,3107,8.7,0.707,0.0478,2.85,0.73,232131.0,0.9779
81,2023-07-17,Casablanca,Morocco,2,monopoly,0,1,0,25433,17352,2849,8.45,0.677,0.0585,2.63,0.59,217980.0,0.9832
82,2023-07-24,Casablanca,Morocco,2,monopoly,0,1,0,26150,17233,2570,8.45,0.65,0.0538,2.67,0.66,224380.0,0.993
83,2023-07-31,Casablanca,Morocco,2,monopoly,0,1,0,28000,17819,2575,8.54,0.671,0.0459,2.76,0.53,241953.0,1.0117
84,2023-08-07,Casablanca,Morocco,2,monopoly,0,1,0,25727,17168,2009,8.57,0.666,0.0499,2.66,0.52,223159.0,1.0019
85,2023-08-14,Casablanca,Morocco,2,monopoly,0,1,0,26941,17301,2589,8.72,0.677,0.0482,2.84,0.55,237780.0,0.9923
86,2023-08-21,Casablanca,Morocco,2,monopoly,0,1,0,25026,17368,2646,8.59,0.707,0.0395,2.93,0.59,218047.0,0.9895
87,2023-08-28,Casablanca,Morocco,2,monopoly,0,1,0,27104,17703,2180,8.63,0.677,0.0614,2.75,0.6,237094.0,1.0032
88,2023-09-04,Casablanca,Morocco,2,monopoly,0,1,0,26193,18284,2745,8.52,0.687,0.0491,2.94,0.63,226620.0,1.0057
89,2023-09-11,Casablanca,Morocco,2,monopoly,0,1,0,29133,18073,2214,8.52,0.659,0.0536,2.63,0.64,251683.0,0.9979
90,2023-09-18,Casablanca,Morocco,2,monopoly,0,1,0,29080,17508,2603,8.37,0.657,0.0478,2.66,0.58,246446.0,1.0043
91,2023-09-25,Casablanca,Morocco,2,monopoly,0,1,0,28550,18794,3009,8.59,0.669,0.0447,2.97,0.58,248515.0,1.0038
92,2023-10-02,Casablanca,Morocco,2,monopoly,0,1,0,29389,19343,2880,8.52,0.662,0.0419,2.92,0.57,253702.0,1.0132
93,2023-10-09,Casablanca,Morocco,2,monopoly,0,1,0,27648,18267,2727,8.44,0.67,0.0435,2.83,0.59,236582.0,1.0008
94,2023-10-16,Casablanca,Morocco,2,monopoly,0,1,0,26585,19031,2555,8.32,0.668,0.0484,2.8,0.62,224727.0,0.9969
95,2023-10-23,Casablanca,Morocco,2,monopoly,0,1,0,28680,17948,3171,8.53,0.669,0.0544,2.97,0.57,247710.0,0.9937
96,2023-10-30,Casablanca,Morocco,2,monopoly,0,1,0,25619,18256,2477,8.48,0.658,0.0448,2.54,0.67,220919.0,0.9798
97,2023-11-06,Casablanca,Morocco,2,monopoly,0,1,0,28614,18284,2486,8.37,0.691,0.0482,2.9,0.76,243668.0,0.9901
98,2023-11-13,Casablanca,Morocco,2,monopoly,0,1,0,28046,19084,3099,8.48,0.674,0.038,2.64,0.67,241666.0,0.9965
99,2023-11-20,Casablanca,Morocco,2,monopoly,0,1,0,27428,18499,2634,8.48,0.658,0.0525,2.94,0.58,235808.0,0.9978
100,2023-11-27,Casablanca,Morocco,2,monopoly,0,1,0,28066,19155,2878,8.55,0.676,0.0442,2.71,0.63,243585.0,0.996
101,2023-12-04,Casablanca,Morocco,2,monopoly,0,1,0,28504,18924,3116,8.4,0.655,0.0614,2.78,0.61,242897.0,0.9818
102,2023-12-11,Casablanca,Morocco,2,monopoly,0,1,0,29132,18395,3229,8.52,0.674,0.0435,2.94,0.66,251847.0,0.9835
103,2023-12-18,Casablanca,Morocco,2,monopoly,0,1,0,29469,18267,2758,8.39,0.677,0.0524,2.72,0.59,250478.0,0.9855
104,2023-12-25,Casablanca,Morocco,2,monopoly,0,1,0,29199,18630,2388,8.65,0.641,0.0562,2.9,0.59,255869.0,0.9818
1,2022-01-03,Nairobi,Kenya,2,monopoly,0,0,0,18438,12548,1864,7.06,0.657,0.0436,2.47,0.65,132619.0,1.0055
2,2022-01-10,Nairobi,Kenya,2,monopoly,0,0,0,18581,12822,2048,7.32,0.658,0.0402,2.73,0.64,138475.0,1.002
3,2022-01-17,Nairobi,Kenya,2,monopoly,0,0,0,18750,12611,1798,7.07,0.682,0.0506,2.83,0.67,135097.0,1.0084
4,2022-01-24,Nairobi,Kenya,2,monopoly,0,0,0,19405,12825,2071,7.1,0.677,0.0412,2.55,0.55,139892.0,1.0222
5,2022-01-31,Nairobi,Kenya,2,monopoly,0,0,0,19769,13269,2229,7.17,0.674,0.0561,2.74,0.63,144252.0,1.0119
6,2022-02-07,Nairobi,Kenya,2,monopoly,0,0,0,20195,13051,1990,7.22,0.661,0.0568,2.72,0.53,147883.0,1.0051
7,2022-02-14,Nairobi,Kenya,2,monopoly,0,0,0,20896,13119,2043,7.0,0.682,0.0452,2.79,0.64,148791.0,1.0207
8,2022-02-21,Nairobi,Kenya,2,monopoly,0,0,0,19740,12806,1808,7.34,0.622,0.0556,2.69,0.63,147312.0,1.0219
9,2022-02-28,Nairobi,Kenya,2,monopoly,0,0,0,19719,13211,1670,7.31,0.663,0.0493,2.77,0.53,146246.0,1.0091
10,2022-03-07,Nairobi,Kenya,2,monopoly,0,0,0,20260,13564,2436,7.35,0.668,0.0481,2.72,0.74,151922.0,1.0119
11,2022-03-14,Nairobi,Kenya,2,monopoly,0,0,0,20710,13618,2161,7.17,0.675,0.0565,2.73,0.55,150738.0,1.0026
12,2022-03-21,Nairobi,Kenya,2,monopoly,0,0,0,21278,13135,1906,7.15,0.685,0.0528,2.8,0.8,155290.0,0.9966
13,2022-03-28,Nairobi,Kenya,2,monopoly,0,0,0,21284,14963,2064,7.12,0.661,0.0433,2.62,0.61,154280.0,1.0004
14,2022-04-04,Nairobi,Kenya,2,monopoly,0,0,0,21887,14195,1744,7.27,0.681,0.0457,2.78,0.63,161801.0,0.9792
15,2022-04-11,Nairobi,Kenya,2,monopoly,0,0,0,20833,13919,2178,7.2,0.669,0.0508,2.65,0.5,152085.0,0.9675
16,2022-04-18,Nairobi,Kenya,2,monopoly,0,0,0,21836,14294,1973,7.22,0.686,0.0439,2.75,0.59,160186.0,0.9727
17,2022-04-25,Nairobi,Kenya,2,monopoly,0,0,0,19516,12633,1786,7.14,0.651,0.0493,2.82,0.62,141694.0,0.9711
18,2022-05-02,Nairobi,Kenya,2,monopoly,0,0,0,20533,13151,1731,7.24,0.696,0.0533,2.9,0.52,150710.0,0.9847
19,2022-05-09,Nairobi,Kenya,2,monopoly,0,0,0,20136,13091,2181,7.36,0.699,0.0369,3.03,0.62,150636.0,0.9801
20,2022-05-16,Nairobi,Kenya,2,monopoly,0,0,0,18306,13030,1938,7.3,0.674,0.0494,2.89,0.74,136526.0,0.9132
21,2022-05-23,Nairobi,Kenya,2,monopoly,0,0,0,20668,13308,1643,7.15,0.673,0.0482,2.7,0.63,150291.0,0.9677
22,2022-05-30,Nairobi,Kenya,2,monopoly,0,0,0,22532,13910,2109,7.01,0.666,0.067,2.74,0.53,160161.0,0.996
23,2022-06-06,Nairobi,Kenya,2,monopoly,0,0,0,20768,13235,1758,7.14,0.671,0.0539,2.8,0.61,150706.0,0.9981
24,2022-06-13,Nairobi,Kenya,2,monopoly,0,0,0,21529,13378,1942,7.1,0.649,0.0601,2.96,0.67,155545.0,0.9831
25,2022-06-20,Nairobi,Kenya,2,monopoly,0,0,0,21381,13565,1783,7.11,0.668,0.0513,2.93,0.59,154420.0,0.983
26,2022-06-27,Nairobi,Kenya,2,monopoly,0,0,0,22150,13811,2040,7.4,0.731,0.0466,2.76,0.62,166479.0,0.9902
27,2022-07-04,Nairobi,Kenya,2,monopoly,0,0,0,21482,13729,1884,7.41,0.679,0.0371,2.88,0.57,161529.0,0.981
28,2022-07-11,Nairobi,Kenya,2,monopoly,0,0,0,19721,12923,1699,7.15,0.675,0.0447,2.78,0.64,143486.0,0.9918
29,2022-07-18,Nairobi,Kenya,2,monopoly,0,0,0,20878,13196,1756,7.19,0.679,0.0529,2.9,0.62,152567.0,0.988
30,2022-07-25,Nairobi,Kenya,2,monopoly,0,0,0,20124,13627,2032,7.19,0.654,0.0454,2.81,0.65,147349.0,0.989
31,2022-08-01,Nairobi,Kenya,2,monopoly,0,0,0,20520,13264,1779,7.14,0.652,0.0488,2.74,0.65,149099.0,0.9862
32,2022-08-08,Nairobi,Kenya,2,monopoly,0,0,0,20458,13602,1945,7.28,0.669,0.0433,2.92,0.75,151995.0,1.0114
33,2022-08-15,Nairobi,Kenya,2,monopoly,0,0,0,21660,13163,2259,7.19,0.644,0.0605,2.77,0.6,158105.0,1.0073
34,2022-08-22,Nairobi,Kenya,2,monopoly,0,0,0,20142,13568,2288,7.28,0.632,0.051,2.66,0.56,148913.0,0.9931
35,2022-08-29,Nairobi,Kenya,2,monopoly,0,0,0,21513,13773,2030,7.14,0.667,0.0492,2.75,0.56,155917.0,1.0046
36,2022-09-05,Nairobi,Kenya,2,monopoly,0,0,0,20094,13454,1904,7.35,0.68,0.0583,2.79,0.56,149951.0,0.9895
37,2022-09-12,Nairobi,Kenya,2,monopoly,0,0,0,20955,13747,2325,7.22,0.676,0.0395,2.85,0.63,153893.0,0.9955
38,2022-09-19,Nairobi,Kenya,2,monopoly,0,0,0,20436,14022,1856,7.26,0.66,0.0473,2.87,0.73,151436.0,0.9755
39,2022-09-26,Nairobi,Kenya,2,monopoly,0,0,0,20281,14067,2451,7.33,0.661,0.0421,2.78,0.63,151318.0,0.9695
40,2022-10-03,Nairobi,Kenya,2,monopoly,0,0,0,20301,13837,2035,7.26,0.652,0.0585,2.58,0.63,150000.0,0.9823
41,2022-10-10,Nairobi,Kenya,2,monopoly,0,0,0,20753,14557,1828,7.14,0.67,0.0482,2.82,0.58,150709.0,0.9966
42,2022-10-17,Nairobi,Kenya,2,monopoly,0,0,0,22407,14327,1720,7.3,0.683,0.0385,2.56,0.57,166021.0,0.9997
43,2022-10-24,Nairobi,Kenya,2,monopoly,0,0,0,23093,14578,2155,7.1,0.66,0.0392,2.84,0.57,166453.0,0.9985
44,2022-10-31,Nairobi,Kenya,2,monopoly,0,0,0,21227,14381,1944,7.34,0.664,0.065,2.96,0.55,158179.0,0.9957
45,2022-11-07,Nairobi,Kenya,2,monopoly,0,0,0,22918,14540,2399,7.3,0.659,0.0441,2.55,0.55,169700.0,0.981
46,2022-11-14,Nairobi,Kenya,2,monopoly,0,0,0,21837,13977,1945,6.96,0.664,0.0503,2.8,0.64,154669.0,0.9797
47,2022-11-21,Nairobi,Kenya,2,monopoly,0,0,0,21662,14349,1963,7.31,0.68,0.0313,2.79,0.66,161190.0,0.9817
48,2022-11-28,Nairobi,Kenya,2,monopoly,0,0,0,22636,15299,2696,7.17,0.664,0.0475,2.94,0.59,165008.0,0.9998
49,2022-12-05,Nairobi,Kenya,2,monopoly,0,0,0,23537,14684,1796,7.05,0.698,0.0474,3.01,0.53,168271.0,1.0036
50,2022-12-12,Nairobi,Kenya,2,monopoly,0,0,0,21411,14150,2451,7.04,0.676,0.04,2.83,0.7,153705.0,0.983
51,2022-12-19,Nairobi,Kenya,2,monopoly,0,0,0,21051,14730,2550,7.26,0.69,0.0421,2.7,0.58,155393.0,0.9925
52,2022-12-26,Nairobi,Kenya,2,monopoly,0,0,0,23488,14454,2477,7.23,0.663,0.0515,2.9,0.51,172030.0,0.9909
53,2023-01-02,Nairobi,Kenya,2,monopoly,0,0,0,22683,14872,2298,7.27,0.646,0.0325,2.78,0.66,167850.0,0.9866
54,2023-01-09,Nairobi,Kenya,2,monopoly,0,0,0,22105,15440,1979,7.16,0.674,0.0475,2.84,0.67,161375.0,0.998
55,2023-01-16,Nairobi,Kenya,2,monopoly,0,0,0,22923,14329,2329,7.37,0.665,0.0587,2.82,0.59,171479.0,0.9697
56,2023-01-23,Nairobi,Kenya,2,monopoly,0,0,0,23412,15723,2419,7.1,0.655,0.0451,2.7,0.44,168301.0,1.0168
57,2023-01-30,Nairobi,Kenya,2,monopoly,0,0,0,24144,15132,1953,7.14,0.661,0.0499,2.82,0.62,175203.0,1.0017
58,2023-02-06,Nairobi,Kenya,2,monopoly,0,0,0,23458,15425,2570,7.14,0.666,0.0486,2.73,0.59,170220.0,0.9977
59,2023-02-13,Nairobi,Kenya,2,monopoly,0,0,0,21736,15467,2149,7.11,0.672,0.0475,2.93,0.64,157513.0,1.0021
60,2023-02-20,Nairobi,Kenya,2,monopoly,0,0,0,24918,15316,2555,7.18,0.672,0.0478,2.73,0.63,181806.0,1.0121
61,2023-02-27,Nairobi,Kenya,2,monopoly,0,0,0,23345,15256,2608,7.25,0.673,0.0433,2.62,0.64,172180.0,1.0026
62,2023-03-06,Nairobi,Kenya,2,monopoly,0,0,0,22946,15672,1973,7.19,0.692,0.0316,2.85,0.61,167850.0,0.9997
63,2023-03-13,Nairobi,Kenya,2,monopoly,0,0,0,24360,15740,2270,7.22,0.677,0.0459,2.91,0.68,179090.0,0.9876
64,2023-03-20,Nairobi,Kenya,2,monopoly,0,0,0,25134,15954,2870,7.18,0.698,0.0357,2.67,0.6,183334.0,0.9788
65,2023-03-27,Nairobi,Kenya,2,monopoly,0,0,0,27228,16978,2702,7.06,0.677,0.0474,3.0,0.54,194980.0,0.9951
66,2023-04-03,Nairobi,Kenya,2,monopoly,0,0,0,26717,17283,2350,7.13,0.656,0.0352,2.33,0.64,193811.0,1.0118
67,2023-04-10,Nairobi,Kenya,2,monopoly,0,0,0,28877,18176,2590,7.22,0.668,0.0535,2.6,0.68,212200.0,1.0069
68,2023-04-17,Nairobi,Kenya,2,monopoly,0,0,0,26832,17511,2737,7.14,0.652,0.0439,2.58,0.43,193839.0,1.0155
69,2023-04-24,Nairobi,Kenya,2,monopoly,0,0,0,25384,15776,1892,7.25,0.661,0.0482,2.73,0.75,187584.0,1.014
70,2023-05-01,Nairobi,Kenya,2,monopoly,0,0,0,26729,16791,2697,7.12,0.666,0.0444,2.71,0.71,193887.0,1.002
71,2023-05-08,Nairobi,Kenya,2,monopoly,0,0,0,25827,16490,1963,7.09,0.678,0.0344,2.78,0.59,186032.0,1.0053
72,2023-05-15,Nairobi,Kenya,2,monopoly,0,0,0,25360,16708,2640,7.06,0.67,0.0441,2.86,0.48,181448.0,1.0204
73,2023-05-22,Nairobi,Kenya,2,monopoly,0,0,0,26884,16619,2935,7.08,0.665,0.0305,2.68,0.59,193280.0,1.0128
74,2023-05-29,Nairobi,Kenya,2,monopoly,0,0,0,23060,17017,2255,7.2,0.674,0.0447,2.88,0.62,169197.0,1.0256
75,2023-06-05,Nairobi,Kenya,2,monopoly,0,0,0,24119,16144,2357,7.09,0.696,0.0526,2.94,0.66,174200.0,0.9878
76,2023-06-12,Nairobi,Kenya,2,monopoly,0,0,0,24141,16606,2737,7.24,0.671,0.0541,2.88,0.55,177521.0,1.0011
77,2023-06-19,Nairobi,Kenya,2,monopoly,0,0,0,23766,16595,1866,7.19,0.675,0.0596,2.86,0.64,174064.0,1.0017
78,2023-06-26,Nairobi,Kenya,2,monopoly,0,1,0,22993,16563,2380,7.11,0.672,0.0572,2.98,0.54,166163.0,0.9978
79,2023-07-03,Nairobi,Kenya,2,monopoly,0,1,0,25297,16855,2120,7.14,0.657,0.0419,2.6,0.74,184362.0,0.9996
80,2023-07-10,Nairobi,Kenya,2,monopoly,0,1,0,24832,15398,2712,7.14,0.683,0.0471,2.71,0.49,179564.0,0.9779
81,2023-07-17,Nairobi,Kenya,2,monopoly,0,1,0,25706,15639,2253,7.15,0.668,0.0563,2.49,0.64,186801.0,0.9832
82,2023-07-24,Nairobi,Kenya,2,monopoly,0,1,0,23083,15408,2214,7.27,0.663,0.0411,2.79,0.66,170864.0,0.993
83,2023-07-31,Nairobi,Kenya,2,monopoly,0,1,0,24264,16044,2358,7.27,0.644,0.0438,2.99,0.53,178950.0,1.0117
84,2023-08-07,Nairobi,Kenya,2,monopoly,0,1,0,23072,16511,2285,7.31,0.68,0.0385,2.58,0.62,171727.0,1.0019
85,2023-08-14,Nairobi,Kenya,2,monopoly,0,1,0,24363,15732,1865,6.99,0.682,0.0458,2.49,0.62,173224.0,0.9923
86,2023-08-21,Nairobi,Kenya,2,monopoly,0,1,0,23595,15583,2344,7.28,0.669,0.0503,2.82,0.69,174997.0,0.9895
87,2023-08-28,Nairobi,Kenya,2,monopoly,0,1,0,23040,15970,3089,7.08,0.662,0.0587,2.85,0.49,165471.0,1.0032
88,2023-09-04,Nairobi,Kenya,2,monopoly,0,1,0,23713,16631,2090,7.35,0.661,0.0604,2.84,0.6,177284.0,1.0057
89,2023-09-11,Nairobi,Kenya,2,monopoly,0,1,0,25971,17105,2188,7.21,0.671,0.042,2.92,0.59,190278.0,0.9979
90,2023-09-18,Nairobi,Kenya,2,monopoly,0,1,0,25269,16232,2366,7.03,0.663,0.0417,2.93,0.65,180806.0,1.0043
91,2023-09-25,Nairobi,Kenya,2,monopoly,0,1,0,24608,17628,2658,7.25,0.66,0.0461,2.78,0.53,181211.0,1.0038
92,2023-10-02,Nairobi,Kenya,2,monopoly,0,1,0,24751,16993,2986,7.24,0.678,0.0343,2.77,0.69,182715.0,1.0132
93,2023-10-09,Nairobi,Kenya,2,monopoly,0,1,0,25334,16656,2781,7.09,0.671,0.0413,2.66,0.58,182516.0,1.0008
94,2023-10-16,Nairobi,Kenya,2,monopoly,0,1,0,24493,17071,2750,7.08,0.672,0.0351,2.75,0.65,176739.0,0.9969
95,2023-10-23,Nairobi,Kenya,2,monopoly,0,1,0,25796,16754,2399,7.01,0.659,0.041,2.63,0.62,183946.0,0.9937
96,2023-10-30,Nairobi,Kenya,2,monopoly,0,1,0,25776,16219,2143,7.25,0.638,0.0328,3.05,0.59,189747.0,0.9798
97,2023-11-06,Nairobi,Kenya,2,monopoly,0,1,0,24767,16746,1947,7.07,0.672,0.0405,2.67,0.5,177615.0,0.9901
98,2023-11-13,Nairobi,Kenya,2,monopoly,0,1,0,24174,16883,2303,7.16,0.678,0.0545,2.91,0.53,175770.0,0.9965
99,2023-11-20,Nairobi,Kenya,2,monopoly,0,1,0,25921,16989,2246,7.15,0.653,0.0406,2.81,0.6,188393.0,0.9978
100,2023-11-27,Nairobi,Kenya,2,monopoly,0,1,0,27316,17277,2060,7.21,0.646,0.0612,3.1,0.53,199695.0,0.996
101,2023-12-04,Nairobi,Kenya,2,monopoly,0,1,0,24993,16840,2268,7.22,0.666,0.0487,2.76,0.55,183228.0,0.9818
102,2023-12-11,Nairobi,Kenya,2,monopoly,0,1,0,26695,17273,2671,7.08,0.67,0.0527,2.93,0.52,191695.0,0.9835
103,2023-12-18,Nairobi,Kenya,2,monopoly,0,1,0,24715,16876,2223,7.16,0.667,0.0426,2.76,0.53,179643.0,0.9855
104,2023-12-25,Nairobi,Kenya,2,monopoly,0,1,0,25178,17259,3295,7.2,0.688,0.0492,2.86,0.59,184336.0,0.9818
1,2022-01-03,Lagos,Nigeria,2,monopoly,0,0,0,16157,10099,1733,6.77,0.657,0.0518,2.77,0.69,111473.0,1.0055
2,2022-01-10,Lagos,Nigeria,2,monopoly,0,0,0,16229,9878,1338,6.93,0.703,0.0369,2.58,0.64,114364.0,1.002
3,2022-01-17,Lagos,Nigeria,2,monopoly,0,0,0,15993,9926,1589,6.79,0.661,0.0448,2.71,0.57,110290.0,1.0084
4,2022-01-24,Lagos,Nigeria,2,monopoly,0,0,0,16360,10463,1778,7.0,0.682,0.0475,2.85,0.62,116466.0,1.0222
5,2022-01-31,Lagos,Nigeria,2,monopoly,0,0,0,16660,10535,1647,6.77,0.665,0.0536,2.82,0.69,114969.0,1.0119
6,2022-02-07,Lagos,Nigeria,2,monopoly,0,0,0,14965,10324,1411,6.98,0.667,0.0549,2.76,0.48,105942.0,1.0051
7,2022-02-14,Lagos,Nigeria,2,monopoly,0,0,0,15965,10215,1333,6.71,0.684,0.0593,2.97,0.6,108964.0,1.0207
8,2022-02-21,Lagos,Nigeria,2,monopoly,0,0,0,16743,10596,1281,6.85,0.672,0.0474,2.87,0.6,116597.0,1.0219
9,2022-02-28,Lagos,Nigeria,2,monopoly,0,0,0,16721,10819,1621,6.72,0.668,0.0486,2.83,0.61,114345.0,1.0091
10,2022-03-07,Lagos,Nigeria,2,monopoly,0,0,0,15849,10853,1701,6.87,0.636,0.0407,2.9,0.52,110576.0,1.0119
11,2022-03-14,Lagos,Nigeria,2,monopoly,0,0,0,16366,10532,1499,6.76,0.662,0.0491,2.91,0.58,112467.0,1.0026
12,2022-03-21,Lagos,Nigeria,2,monopoly,0,0,0,17338,10700,1615,6.75,0.674,0.0534,2.81,0.72,119343.0,0.9966
13,2022-03-28,Lagos,Nigeria,2,monopoly,0,0,0,19851,12037,1600,6.74,0.664,0.049,2.71,0.66,136179.0,1.0004
14,2022-04-04,Lagos,Nigeria,2,monopoly,0,0,0,17829,11132,1495,6.91,0.669,0.0453,2.63,0.67,125436.0,0.9792
15,2022-04-11,Lagos,Nigeria,2,monopoly,0,0,0,18320,11753,1699,6.86,0.688,0.043,2.99,0.61,127826.0,0.9675
16,2022-04-18,Lagos,Nigeria,2,monopoly,0,0,0,17896,11495,1602,6.89,0.678,0.0492,2.79,0.61,125407.0,0.9727
17,2022-04-25,Lagos,Nigeria,2,monopoly,0,0,0,15993,10852,1842,6.82,0.659,0.0544,2.62,0.54,110830.0,0.9711
18,2022-05-02,Lagos,Nigeria,2,monopoly,0,0,0,15540,10953,1970,6.7,0.662,0.0545,2.98,0.7,106418.0,0.9847
19,2022-05-09,Lagos,Nigeria,2,monopoly,0,0,0,17705,10923,1880,6.83,0.66,0.0554,2.67,0.49,122531.0,0.9801
20,2022-05-16,Lagos,Nigeria,2,monopoly,0,0,0,17311,10154,1358,6.91,0.679,0.047,2.68,0.52,121203.0,0.9132
21,2022-05-23,Lagos,Nigeria,2,monopoly,0,0,0,17494,11121,1970,6.63,0.651,0.0375,2.93,0.68,118254.0,0.9677
22,2022-05-30,Lagos,Nigeria,2,monopoly,0,0,0,17417,11519,1581,6.88,0.663,0.0479,3.03,0.63,122006.0,0.996
23,2022-06-06,Lagos,Nigeria,2,monopoly,0,0,0,18179,11367,1731,6.77,0.68,0.0578,3.12,0.83,125902.0,0.9981
24,2022-06-13,Lagos,Nigeria,2,monopoly,0,0,0,17473,10799,1333,6.68,0.666,0.0365,2.89,0.54,118469.0,0.9831
25,2022-06-20,Lagos,Nigeria,2,monopoly,0,0,0,18300,11344,1937,6.94,0.663,0.0457,2.95,0.43,128465.0,0.983
26,2022-06-27,Lagos,Nigeria,2,monopoly,0,0,0,18166,11125,1561,7.03,0.666,0.0475,2.93,0.58,129643.0,0.9902
27,2022-07-04,Lagos,Nigeria,2,monopoly,0,0,0,16788,11103,1768,6.96,0.674,0.0406,2.72,0.64,118976.0,0.981
28,2022-07-11,Lagos,Nigeria,2,monopoly,0,0,0,17039,10939,1735,6.88,0.668,0.0533,2.47,0.62,119263.0,0.9918
29,2022-07-18,Lagos,Nigeria,2,monopoly,0,0,0,15937,10682,1513,6.73,0.656,0.043,2.65,0.49,108826.0,0.988
30,2022-07-25,Lagos,Nigeria,2,monopoly,0,0,0,18061,11333,1518,6.91,0.693,0.0526,2.87,0.55,126671.0,0.989
31,2022-08-01,Lagos,Nigeria,2,monopoly,0,0,0,16898,10789,1511,6.81,0.695,0.0446,2.84,0.6,117017.0,0.9862
32,2022-08-08,Lagos,Nigeria,2,monopoly,0,0,0,18222,11102,1574,6.97,0.688,0.0562,2.97,0.57,128906.0,1.0114
33,2022-08-15,Lagos,Nigeria,2,monopoly,0,0,0,18051,10927,1506,6.78,0.645,0.0556,2.9,0.59,124320.0,1.0073
34,2022-08-22,Lagos,Nigeria,2,monopoly,0,0,0,16615,11706,1407,6.85,0.655,0.0527,2.64,0.61,115955.0,0.9931
35,2022-08-29,Lagos,Nigeria,2,monopoly,0,0,0,16824,11470,2072,6.63,0.662,0.0591,2.91,0.64,113745.0,1.0046
36,2022-09-05,Lagos,Nigeria,2,monopoly,0,0,0,17807,10930,1568,6.74,0.668,0.0472,2.9,0.67,122216.0,0.9895
37,2022-09-12,Lagos,Nigeria,2,monopoly,0,0,0,19180,11537,1748,6.77,0.646,0.0444,3.17,0.59,131891.0,0.9955
38,2022-09-19,Lagos,Nigeria,2,monopoly,0,0,0,18032,11949,1802,6.66,0.668,0.0475,2.74,0.58,122172.0,0.9755
39,2022-09-26,Lagos,Nigeria,2,monopoly,0,0,0,19214,11900,1535,6.75,0.686,0.0444,2.81,0.54,131622.0,0.9695
40,2022-10-03,Lagos,Nigeria,2,monopoly,0,0,0,18276,11993,1912,6.98,0.667,0.0498,2.98,0.52,129437.0,0.9823
41,2022-10-10,Lagos,Nigeria,2,monopoly,0,0,0,19452,12019,1532,6.86,0.679,0.0445,2.65,0.58,135532.0,0.9966
42,2022-10-17,Lagos,Nigeria,2,monopoly,0,0,0,19196,12082,1969,6.78,0.672,0.0424,2.69,0.54,132106.0,0.9997
43,2022-10-24,Lagos,Nigeria,2,monopoly,0,0,0,18407,11853,1548,6.86,0.673,0.0498,2.81,0.56,128263.0,0.9985
44,2022-10-31,Lagos,Nigeria,2,monopoly,0,0,0,18362,11984,2101,6.89,0.685,0.0548,2.69,0.69,128995.0,0.9957
45,2022-11-07,Lagos,Nigeria,2,monopoly,0,0,0,19108,11942,1925,6.74,0.646,0.0524,2.88,0.6,130937.0,0.981
46,2022-11-14,Lagos,Nigeria,2,monopoly,0,0,0,18728,12314,1816,6.78,0.658,0.0415,2.75,0.59,129155.0,0.9797
47,2022-11-21,Lagos,Nigeria,2,monopoly,0,0,0,18976,12741,1617,6.85,0.661,0.054,2.62,0.6,132279.0,0.9817
48,2022-11-28,Lagos,Nigeria,2,monopoly,0,0,0,18911,12348,1717,6.74,0.661,0.052,2.72,0.67,129942.0,0.9998
49,2022-12-05,Lagos,Nigeria,2,monopoly,0,0,0,19362,13147,2331,6.81,0.689,0.0375,2.85,0.69,134577.0,1.0036
50,2022-12-12,Lagos,Nigeria,2,monopoly,0,0,0,18939,12314,1696,6.89,0.661,0.0359,3.01,0.61,132743.0,0.983
51,2022-12-19,Lagos,Nigeria,2,monopoly,0,0,0,19694,12140,1778,6.75,0.671,0.0492,2.58,0.53,134865.0,0.9925
52,2022-12-26,Lagos,Nigeria,2,monopoly,0,0,0,21047,12290,1542,6.93,0.66,0.0402,2.94,0.7,148437.0,0.9909
53,2023-01-02,Lagos,Nigeria,2,monopoly,0,0,0,19667,12462,1465,6.81,0.67,0.0449,2.88,0.6,136175.0,0.9866
54,2023-01-09,Lagos,Nigeria,2,monopoly,0,0,0,20377,12684,1948,6.77,0.661,0.0439,2.82,0.5,139855.0,0.998
55,2023-01-16,Lagos,Nigeria,2,monopoly,0,0,0,19916,12271,2128,6.59,0.659,0.0419,2.91,0.6,133455.0,0.9697
56,2023-01-23,Lagos,Nigeria,2,monopoly,0,0,0,21307,13036,2218,7.02,0.68,0.0425,2.82,0.7,152313.0,1.0168
57,2023-01-30,Lagos,Nigeria,2,monopoly,0,0,0,20435,13194,2128,6.94,0.671,0.053,2.46,0.73,144708.0,1.0017
58,2023-02-06,Lagos,Nigeria,2,monopoly,0,0,0,20920,13173,1565,6.87,0.642,0.0362,2.95,0.71,146526.0,0.9977
59,2023-02-13,Lagos,Nigeria,2,monopoly,0,0,0,21863,13905,1745,6.68,0.673,0.0443,2.84,0.62,148631.0,1.0021
60,2023-02-20,Lagos,Nigeria,2,monopoly,0,0,0,21752,13648,1995,6.65,0.669,0.0532,2.9,0.6,147107.0,1.0121
61,2023-02-27,Lagos,Nigeria,2,monopoly,0,0,0,22307,13895,1939,6.99,0.69,0.0474,3.08,0.47,157885.0,1.0026
62,2023-03-06,Lagos,Nigeria,2,monopoly,0,0,0,20898,13542,2202,6.69,0.664,0.0464,2.44,0.64,142408.0,0.9997
63,2023-03-13,Lagos,Nigeria,2,monopoly,0,0,0,19491,13471,1935,6.8,0.657,0.0468,2.68,0.6,134964.0,0.9876
64,2023-03-20,Lagos,Nigeria,2,monopoly,0,0,0,20567,13242,1821,6.65,0.671,0.051,2.79,0.57,139035.0,0.9788
65,2023-03-27,Lagos,Nigeria,2,monopoly,0,0,0,23685,15160,1879,6.95,0.647,0.0536,2.58,0.71,167840.0,0.9951
66,2023-04-03,Lagos,Nigeria,2,monopoly,0,0,0,23393,14872,1776,6.79,0.666,0.0543,2.66,0.63,161649.0,1.0118
67,2023-04-10,Lagos,Nigeria,2,monopoly,0,0,0,24218,15704,2946,6.92,0.644,0.0455,2.85,0.62,170510.0,1.0069
68,2023-04-17,Lagos,Nigeria,2,monopoly,0,0,0,25193,15296,2441,6.96,0.682,0.0394,2.64,0.66,178372.0,1.0155
69,2023-04-24,Lagos,Nigeria,2,monopoly,0,0,0,22502,14012,2127,6.99,0.656,0.0438,3.02,0.61,159853.0,1.014
70,2023-05-01,Lagos,Nigeria,2,monopoly,0,0,0,22032,14284,1846,6.77,0.683,0.0452,2.85,0.7,152156.0,1.002
71,2023-05-08,Lagos,Nigeria,2,monopoly,0,0,0,21173,14988,2182,6.76,0.661,0.0487,2.97,0.61,145872.0,1.0053
72,2023-05-15,Lagos,Nigeria,2,monopoly,0,0,0,22607,14471,2236,6.95,0.648,0.0525,2.72,0.63,159854.0,1.0204
73,2023-05-22,Lagos,Nigeria,2,monopoly,0,0,0,20803,14208,2204,6.64,0.676,0.0419,2.72,0.65,140902.0,1.0128
74,2023-05-29,Lagos,Nigeria,2,monopoly,0,0,0,21652,14626,2374,6.94,0.668,0.0511,2.63,0.64,153073.0,1.0256
75,2023-06-05,Lagos,Nigeria,2,monopoly,0,0,0,21896,13953,2060,6.86,0.678,0.0441,2.99,0.54,152467.0,0.9878
76,2023-06-12,Lagos,Nigeria,2,monopoly,0,0,0,21268,14292,2575,6.74,0.662,0.0357,2.94,0.61,145962.0,1.0011
77,2023-06-19,Lagos,Nigeria,2,monopoly,0,0,0,20116,14997,2693,6.82,0.655,0.0523,2.74,0.46,139261.0,1.0017
78,2023-06-26,Lagos,Nigeria,2,monopoly,0,1,0,22364,14295,1885,6.76,0.672,0.0516,2.51,0.44,153068.0,0.9978
79,2023-07-03,Lagos,Nigeria,2,monopoly,0,1,0,23610,14560,2426,6.88,0.653,0.0564,2.87,0.61,165101.0,0.9996
80,2023-07-10,Lagos,Nigeria,2,monopoly,0,1,0,21288,13750,2144,6.79,0.668,0.0453,2.65,0.76,147681.0,0.9779
81,2023-07-17,Lagos,Nigeria,2,monopoly,0,1,0,22366,13794,1915,6.77,0.674,0.0551,2.82,0.61,153942.0,0.9832
82,2023-07-24,Lagos,Nigeria,2,monopoly,0,1,0,22358,14054,1808,6.85,0.667,0.0603,2.78,0.66,155935.0,0.993
83,2023-07-31,Lagos,Nigeria,2,monopoly,0,1,0,22101,14757,2536,6.69,0.671,0.038,2.91,0.67,150822.0,1.0117
84,2023-08-07,Lagos,Nigeria,2,monopoly,0,1,0,20824,14060,1890,6.88,0.681,0.0473,2.71,0.6,145800.0,1.0019
85,2023-08-14,Lagos,Nigeria,2,monopoly,0,1,0,22132,14347,2003,6.63,0.659,0.0486,2.92,0.56,149145.0,0.9923
86,2023-08-21,Lagos,Nigeria,2,monopoly,0,1,0,21355,14237,2193,6.97,0.68,0.0518,2.88,0.58,151322.0,0.9895
87,2023-08-28,Lagos,Nigeria,2,monopoly,0,1,0,21738,14116,1792,6.79,0.644,0.0482,2.85,0.61,150184.0,1.0032
88,2023-09-04,Lagos,Nigeria,2,monopoly,0,1,0,22518,14079,1704,6.87,0.651,0.0478,2.92,0.64,157402.0,1.0057
89,2023-09-11,Lagos,Nigeria,2,monopoly,0,1,0,24235,14989,2163,6.8,0.69,0.0502,2.8,0.68,167856.0,0.9979
90,2023-09-18,Lagos,Nigeria,2,monopoly,0,1,0,22284,14641,2330,6.79,0.645,0.0367,2.72,0.6,153944.0,1.0043
91,2023-09-25,Lagos,Nigeria,2,monopoly,0,1,0,22300,15270,2657,6.88,0.684,0.0531,2.76,0.61,156218.0,1.0038
92,2023-10-02,Lagos,Nigeria,2,monopoly,0,1,0,23869,14935,2579,6.73,0.663,0.0442,3.11,0.53,163013.0,1.0132
93,2023-10-09,Lagos,Nigeria,2,monopoly,0,1,0,22506,15324,2210,6.75,0.657,0.0481,3.06,0.54,154398.0,1.0008
94,2023-10-16,Lagos,Nigeria,2,monopoly,0,1,0,23678,14410,1798,6.98,0.657,0.0615,3.0,0.58,167780.0,0.9969
95,2023-10-23,Lagos,Nigeria,2,monopoly,0,1,0,23133,14801,2706,6.68,0.661,0.0433,2.61,0.68,157548.0,0.9937
96,2023-10-30,Lagos,Nigeria,2,monopoly,0,1,0,24556,15064,2294,6.9,0.668,0.0339,2.67,0.69,172555.0,0.9798
97,2023-11-06,Lagos,Nigeria,2,monopoly,0,1,0,22300,15322,2632,6.82,0.66,0.0491,2.83,0.68,155212.0,0.9901
98,2023-11-13,Lagos,Nigeria,2,monopoly,0,1,0,23466,15062,2068,6.72,0.662,0.048,3.09,0.57,160267.0,0.9965
99,2023-11-20,Lagos,Nigeria,2,monopoly,0,1,0,24033,15533,2191,6.69,0.686,0.051,3.01,0.53,163251.0,0.9978
100,2023-11-27,Lagos,Nigeria,2,monopoly,0,1,0,24069,15584,2271,6.84,0.672,0.0334,2.73,0.55,167203.0,0.996
101,2023-12-04,Lagos,Nigeria,2,monopoly,0,1,0,22447,15339,2436,6.79,0.68,0.0451,2.62,0.67,155498.0,0.9818
102,2023-12-11,Lagos,Nigeria,2,monopoly,0,1,0,23047,15218,1826,6.88,0.672,0.0404,2.96,0.61,161348.0,0.9835
103,2023-12-18,Lagos,Nigeria,2,monopoly,0,1,0,23265,14738,2156,6.84,0.657,0.0431,2.6,0.82,162758.0,0.9855
104,2023-12-25,Lagos,Nigeria,2,monopoly,0,1,0,21595,15642,2019,6.83,0.655,0.0449,2.92,0.67,150638.0,0.9818
1,2022-01-03,Tunis,Tunisia,3,monopoly,0,0,0,9189,7012,1005,7.55,0.715,0.0563,2.98,0.69,70828.0,1.0055
2,2022-01-10,Tunis,Tunisia,3,monopoly,0,0,0,10508,6866,1179,7.48,0.707,0.0564,2.96,0.66,79959.0,1.002
3,2022-01-17,Tunis,Tunisia,3,monopoly,0,0,0,9759,7024,1224,7.38,0.714,0.0519,2.84,0.62,73328.0,1.0084
4,2022-01-24,Tunis,Tunisia,3,monopoly,0,0,0,11099,6704,942,7.47,0.705,0.0482,2.73,0.76,84438.0,1.0222
5,2022-01-31,Tunis,Tunisia,3,monopoly,0,0,0,10162,6807,1007,7.62,0.695,0.0496,3.17,0.74,78946.0,1.0119
6,2022-02-07,Tunis,Tunisia,3,monopoly,0,0,0,10254,7055,1253,7.42,0.693,0.049,2.72,0.73,77630.0,1.0051
7,2022-02-14,Tunis,Tunisia,3,monopoly,0,0,0,10496,7255,1224,7.4,0.695,0.0523,2.72,0.69,79172.0,1.0207
8,2022-02-21,Tunis,Tunisia,3,monopoly,0,0,0,10560,7370,861,7.54,0.708,0.0492,2.7,0.74,81259.0,1.0219
9,2022-02-28,Tunis,Tunisia,3,monopoly,0,0,0,10747,7216,1006,7.52,0.728,0.0443,2.77,0.74,82419.0,1.0091
10,2022-03-07,Tunis,Tunisia,3,monopoly,0,0,0,11045,7399,1047,7.51,0.702,0.0572,2.57,0.76,84635.0,1.0119
11,2022-03-14,Tunis,Tunisia,3,monopoly,0,0,0,10823,7522,1080,7.49,0.718,0.0515,2.94,0.7,82644.0,1.0026
12,2022-03-21,Tunis,Tunisia,3,monopoly,0,0,0,10984,7420,1059,7.56,0.747,0.0562,2.65,0.64,84464.0,0.9966
13,2022-03-28,Tunis,Tunisia,3,monopoly,0,0,0,12085,8082,1269,7.49,0.709,0.0546,2.59,0.64,92068.0,1.0004
14,2022-04-04,Tunis,Tunisia,3,monopoly,0,0,0,10958,7979,1344,7.46,0.697,0.0439,3.08,0.72,83470.0,0.9792
15,2022-04-11,Tunis,Tunisia,3,monopoly,0,0,0,11579,7911,1318,7.45,0.704,0.0512,2.78,0.84,88257.0,0.9675
16,2022-04-18,Tunis,Tunisia,3,monopoly,0,0,0,12001,7691,1261,7.39,0.694,0.0566,2.95,0.69,90279.0,0.9727
17,2022-04-25,Tunis,Tunisia,3,monopoly,0,0,0,10540,7557,1194,7.61,0.708,0.0505,2.63,0.67,81728.0,0.9711
18,2022-05-02,Tunis,Tunisia,3,monopoly,0,0,0,10707,7388,1426,7.51,0.702,0.0621,2.8,0.73,82028.0,0.9847
19,2022-05-09,Tunis,Tunisia,3,monopoly,0,0,0,10708,7562,1323,7.53,0.705,0.0502,2.66,0.73,82287.0,0.9801
20,2022-05-16,Tunis,Tunisia,3,monopoly,0,0,0,10144,6890,1255,7.56,0.691,0.0562,2.82,0.66,78053.0,0.9132
21,2022-05-23,Tunis,Tunisia,3,monopoly,0,0,0,10708,7846,991,7.67,0.721,0.0395,2.86,0.71,83802.0,0.9677
22,2022-05-30,Tunis,Tunisia,3,monopoly,0,0,0,11542,7917,971,7.58,0.732,0.045,2.68,0.71,89175.0,0.996
23,2022-06-06,Tunis,Tunisia,3,monopoly,0,0,0,12125,8003,1310,7.58,0.711,0.057,2.86,0.64,93444.0,0.9981
24,2022-06-13,Tunis,Tunisia,3,monopoly,0,0,0,11489,7646,1271,7.61,0.708,0.0473,2.94,0.67,88968.0,0.9831
25,2022-06-20,Tunis,Tunisia,3,monopoly,0,0,0,11927,8048,1170,7.44,0.707,0.0628,2.79,0.6,90186.0,0.983
26,2022-06-27,Tunis,Tunisia,3,monopoly,0,0,0,11269,7783,939,7.5,0.717,0.0465,2.76,0.7,86152.0,0.9902
27,2022-07-04,Tunis,Tunisia,3,monopoly,0,0,0,11401,8009,1040,7.55,0.7,0.0672,2.75,0.74,87856.0,0.981
28,2022-07-11,Tunis,Tunisia,3,monopoly,0,0,0,10905,7428,979,7.44,0.713,0.0406,2.66,0.54,82337.0,0.9918
29,2022-07-18,Tunis,Tunisia,3,monopoly,0,0,0,11583,7614,1147,7.47,0.717,0.049,2.73,0.76,88261.0,0.988
30,2022-07-25,Tunis,Tunisia,3,monopoly,0,0,0,11098,7353,1150,7.44,0.731,0.0507,2.75,0.63,83959.0,0.989
31,2022-08-01,Tunis,Tunisia,3,monopoly,0,0,0,10848,7588,990,7.35,0.74,0.0462,2.75,0.63,81167.0,0.9862
32,2022-08-08,Tunis,Tunisia,3,monopoly,0,0,0,11447,7657,1162,7.41,0.684,0.0547,2.7,0.62,86246.0,1.0114
33,2022-08-15,Tunis,Tunisia,3,monopoly,0,0,0,11601,8104,1408,7.39,0.708,0.0571,2.83,0.71,87458.0,1.0073
34,2022-08-22,Tunis,Tunisia,3,monopoly,0,0,0,12011,7626,1261,7.52,0.702,0.0617,2.86,0.68,91878.0,0.9931
35,2022-08-29,Tunis,Tunisia,3,monopoly,0,0,0,11461,7914,1425,7.59,0.723,0.0601,2.5,0.74,88746.0,1.0046
36,2022-09-05,Tunis,Tunisia,3,monopoly,0,0,0,11460,7462,919,7.45,0.721,0.051,2.7,0.63,86787.0,0.9895
37,2022-09-12,Tunis,Tunisia,3,monopoly,0,0,0,11558,8529,1274,7.51,0.703,0.0423,2.71,0.73,88668.0,0.9955
38,2022-09-19,Tunis,Tunisia,3,monopoly,0,0,0,11883,8010,1171,7.72,0.713,0.0491,2.78,0.73,93491.0,0.9755
39,2022-09-26,Tunis,Tunisia,3,monopoly,0,0,0,11967,8134,1076,7.54,0.69,0.0475,2.57,0.82,92232.0,0.9695
40,2022-10-03,Tunis,Tunisia,3,monopoly,0,0,0,12165,8070,1064,7.5,0.71,0.0506,3.04,0.63,92763.0,0.9823
41,2022-10-10,Tunis,Tunisia,3,monopoly,0,0,0,12866,8389,1107,7.57,0.699,0.0482,2.89,0.7,99157.0,0.9966
42,2022-10-17,Tunis,Tunisia,3,monopoly,0,0,0,12766,8683,1079,7.64,0.71,0.0451,2.77,0.69,99330.0,0.9997
43,2022-10-24,Tunis,Tunisia,3,monopoly,0,0,0,12492,8223,1085,7.44,0.709,0.0533,2.67,0.66,94569.0,0.9985
44,2022-10-31,Tunis,Tunisia,3,monopoly,0,0,0,12182,8481,1255,7.41,0.717,0.0444,2.71,0.69,92024.0,0.9957
45,2022-11-07,Tunis,Tunisia,3,monopoly,0,0,0,12448,8377,1460,7.66,0.729,0.0417,3.22,0.67,97035.0,0.981
46,2022-11-14,Tunis,Tunisia,3,monopoly,0,0,0,12539,8264,1130,7.7,0.712,0.0449,2.94,0.66,98187.0,0.9797
47,2022-11-21,Tunis,Tunisia,3,monopoly,0,0,0,12071,8548,1312,7.51,0.69,0.0501,2.62,0.54,92038.0,0.9817
48,2022-11-28,Tunis,Tunisia,3,monopoly,0,0,0,12674,8728,1046,7.44,0.693,0.0547,2.9,0.68,96075.0,0.9998
49,2022-12-05,Tunis,Tunisia,3,monopoly,0,0,0,12035,8586,1432,7.54,0.703,0.0532,2.54,0.63,92367.0,1.0036
50,2022-12-12,Tunis,Tunisia,3,monopoly,0,0,0,12659,8600,1076,7.69,0.718,0.0502,2.97,0.71,99180.0,0.983
51,2022-12-19,Tunis,Tunisia,3,monopoly,0,0,0,13210,8320,1416,7.51,0.701,0.0515,2.64,0.71,100979.0,0.9925
52,2022-12-26,Tunis,Tunisia,3,monopoly,0,0,0,13283,8734,1284,7.4,0.717,0.0426,2.86,0.73,100207.0,0.9909
53,2023-01-02,Tunis,Tunisia,3,monopoly,0,0,0,13104,8778,1410,7.49,0.689,0.0417,2.79,0.73,100071.0,0.9866
54,2023-01-09,Tunis,Tunisia,3,monopoly,0,0,0,12612,9001,1106,7.46,0.71,0.04,2.68,0.78,96192.0,0.998
55,2023-01-16,Tunis,Tunisia,3,monopoly,0,0,0,13118,8887,1285,7.5,0.726,0.0563,2.99,0.71,100278.0,0.9697
56,2023-01-23,Tunis,Tunisia,3,monopoly,0,0,0,13946,9377,1524,7.63,0.732,0.0449,2.81,0.74,108490.0,1.0168
57,2023-01-30,Tunis,Tunisia,3,monopoly,0,0,0,13551,9009,1341,7.52,0.714,0.0451,2.8,0.73,103876.0,1.0017
58,2023-02-06,Tunis,Tunisia,3,monopoly,0,0,0,14664,9067,1487,7.52,0.695,0.0434,2.93,0.73,112259.0,0.9977
59,2023-02-13,Tunis,Tunisia,3,monopoly,0,0,0,14975,9608,1318,7.52,0.695,0.071,2.95,0.84,115033.0,1.0021
60,2023-02-20,Tunis,Tunisia,3,monopoly,0,0,0,13888,9538,1632,7.59,0.728,0.0703,2.51,0.77,107613.0,1.0121
61,2023-02-27,Tunis,Tunisia,3,monopoly,0,0,0,14064,9256,1651,7.6,0.722,0.0527,2.75,0.82,109163.0,1.0026
62,2023-03-06,Tunis,Tunisia,3,monopoly,0,0,0,14512,9765,1380,7.3,0.711,0.0611,2.87,0.68,107930.0,0.9997
63,2023-03-13,Tunis,Tunisia,3,monopoly,0,0,0,14484,9272,1485,7.42,0.71,0.0525,2.82,0.73,109502.0,0.9876
64,2023-03-20,Tunis,Tunisia,3,monopoly,0,0,0,13214,9427,1413,7.67,0.711,0.0527,2.74,0.73,103416.0,0.9788
65,2023-03-27,Tunis,Tunisia,3,monopoly,0,0,0,15560,10213,1817,7.54,0.709,0.0516,2.89,0.69,119436.0,0.9951
66,2023-04-03,Tunis,Tunisia,3,monopoly,0,0,0,16294,10934,1651,7.67,0.7,0.0616,2.54,0.72,127337.0,1.0118
67,2023-04-10,Tunis,Tunisia,3,monopoly,0,0,0,16675,11106,1368,7.45,0.708,0.0518,3.0,0.71,126594.0,1.0069
68,2023-04-17,Tunis,Tunisia,3,monopoly,0,0,0,16633,10844,1885,7.56,0.707,0.0564,2.89,0.73,128120.0,1.0155
69,2023-04-24,Tunis,Tunisia,3,monopoly,0,0,0,14714,10426,2101,7.34,0.714,0.0493,2.73,0.65,110034.0,1.014
70,2023-05-01,Tunis,Tunisia,3,monopoly,0,0,0,14710,10346,1643,7.56,0.704,0.0509,2.91,0.62,113132.0,1.002
71,2023-05-08,Tunis,Tunisia,3,monopoly,0,0,0,15737,10407,1662,7.71,0.708,0.0529,2.73,0.79,123799.0,1.0053
72,2023-05-15,Tunis,Tunisia,3,monopoly,0,0,0,16139,10569,1265,7.28,0.704,0.0532,2.86,0.69,119680.0,1.0204
73,2023-05-22,Tunis,Tunisia,3,monopoly,0,0,0,15654,10247,1631,7.29,0.718,0.0428,3.05,0.78,116515.0,1.0128
74,2023-05-29,Tunis,Tunisia,3,monopoly,0,0,0,15215,11042,1906,7.59,0.716,0.0567,3.02,0.54,117271.0,1.0256
75,2023-06-05,Tunis,Tunisia,3,monopoly,0,0,0,14929,9828,1467,7.45,0.721,0.0423,2.82,0.64,113108.0,0.9878
76,2023-06-12,Tunis,Tunisia,3,monopoly,0,0,0,15187,9956,1513,7.58,0.714,0.0564,2.82,0.78,117447.0,1.0011
77,2023-06-19,Tunis,Tunisia,3,monopoly,0,0,0,13883,10127,1255,7.51,0.728,0.0478,2.81,0.68,106327.0,1.0017
78,2023-06-26,Tunis,Tunisia,3,monopoly,0,1,0,15775,10000,1482,7.58,0.701,0.0588,2.84,0.72,121734.0,0.9978
79,2023-07-03,Tunis,Tunisia,3,monopoly,0,1,0,14300,10367,1190,7.5,0.704,0.0529,3.2,0.72,109489.0,0.9996
80,2023-07-10,Tunis,Tunisia,3,monopoly,0,1,0,14594,10085,1337,7.59,0.713,0.0505,2.79,0.79,113159.0,0.9779
81,2023-07-17,Tunis,Tunisia,3,monopoly,0,1,0,13674,9567,1487,7.45,0.734,0.0524,2.73,0.67,103794.0,0.9832
82,2023-07-24,Tunis,Tunisia,3,monopoly,0,1,0,14529,9962,1715,7.6,0.707,0.0609,2.68,0.65,112363.0,0.993
83,2023-07-31,Tunis,Tunisia,3,monopoly,0,1,0,15683,10389,1469,7.45,0.719,0.0536,2.77,0.73,119114.0,1.0117
84,2023-08-07,Tunis,Tunisia,3,monopoly,0,1,0,15506,9868,1420,7.56,0.703,0.051,2.96,0.67,119209.0,1.0019
85,2023-08-14,Tunis,Tunisia,3,monopoly,0,1,0,14583,9685,1234,7.61,0.685,0.0351,2.92,0.59,112691.0,0.9923
86,2023-08-21,Tunis,Tunisia,3,monopoly,0,1,0,13873,10040,1663,7.58,0.709,0.0341,2.83,0.55,106814.0,0.9895
87,2023-08-28,Tunis,Tunisia,3,monopoly,0,1,0,14897,10233,1851,7.33,0.714,0.0545,2.83,0.79,111620.0,1.0032
88,2023-09-04,Tunis,Tunisia,3,monopoly,0,1,0,14982,10256,1771,7.46,0.705,0.0517,2.81,0.7,113919.0,1.0057
89,2023-09-11,Tunis,Tunisia,3,monopoly,0,1,0,15197,10706,1395,7.64,0.714,0.0537,2.7,0.68,118289.0,0.9979
90,2023-09-18,Tunis,Tunisia,3,monopoly,0,1,0,14583,10416,1513,7.51,0.73,0.0627,2.63,0.74,111831.0,1.0043
91,2023-09-25,Tunis,Tunisia,3,monopoly,0,1,0,16144,10497,1443,7.25,0.722,0.0533,2.82,0.68,119185.0,1.0038
92,2023-10-02,Tunis,Tunisia,3,monopoly,0,1,0,15580,10896,1551,7.45,0.72,0.0458,3.04,0.73,118457.0,1.0132
93,2023-10-09,Tunis,Tunisia,3,monopoly,0,1,0,15853,10639,1674,7.64,0.688,0.0472,2.73,0.78,123606.0,1.0008
94,2023-10-16,Tunis,Tunisia,3,monopoly,0,1,0,15994,10985,1761,7.49,0.717,0.0667,2.84,0.65,121937.0,0.9969
95,2023-10-23,Tunis,Tunisia,3,monopoly,0,1,0,15888,10784,1645,7.5,0.709,0.0429,2.67,0.61,121133.0,0.9937
96,2023-10-30,Tunis,Tunisia,3,monopoly,0,1,0,15769,10403,1326,7.59,0.703,0.0546,2.82,0.74,121996.0,0.9798
97,2023-11-06,Tunis,Tunisia,3,monopoly,0,1,0,14575,11107,2027,7.59,0.706,0.0519,2.54,0.71,112990.0,0.9901
98,2023-11-13,Tunis,Tunisia,3,monopoly,0,1,0,16170,10659,1351,7.49,0.689,0.0443,2.92,0.69,123320.0,0.9965
99,2023-11-20,Tunis,Tunisia,3,monopoly,0,1,0,15455,10633,1498,7.48,0.72,0.044,2.68,0.68,117773.0,0.9978
100,2023-11-27,Tunis,Tunisia,3,monopoly,0,1,0,15715,10732,1600,7.62,0.69,0.057,2.93,0.71,122034.0,0.996
101,2023-12-04,Tunis,Tunisia,3,monopoly,0,1,0,16143,10787,1811,7.46,0.7,0.0546,2.75,0.78,122951.0,0.9818
102,2023-12-11,Tunis,Tunisia,3,monopoly,0,1,0,15057,10661,1482,7.41,0.725,0.0575,2.92,0.79,114099.0,0.9835
103,2023-12-18,Tunis,Tunisia,3,monopoly,0,1,0,15897,10925,1352,7.68,0.67,0.0447,2.58,0.85,124875.0,0.9855
104,2023-12-25,Tunis,Tunisia,3,monopoly,0,1,0,16259,11063,1985,7.28,0.679,0.0549,2.54,0.66,120556.0,0.9818
1,2022-01-03,Abidjan,Cote d'Ivoire,3,monopoly,0,0,0,9756,6059,1037,6.42,0.7,0.0493,2.71,0.86,64197.0,1.0055
2,2022-01-10,Abidjan,Cote d'Ivoire,3,monopoly,0,0,0,9686,6237,1106,6.58,0.715,0.0432,2.79,0.62,64894.0,1.002
3,2022-01-17,Abidjan,Cote d'Ivoire,3,monopoly,0,0,0,10269,6160,797,6.52,0.685,0.0491,2.86,0.69,68229.0,1.0084
4,2022-01-24,Abidjan,Cote d'Ivoire,3,monopoly,0,0,0,9862,6103,1017,6.47,0.708,0.0522,2.84,0.68,65052.0,1.0222
5,2022-01-31,Abidjan,Cote d'Ivoire,3,monopoly,0,0,0,9789,6583,1008,6.46,0.717,0.0621,2.89,0.6,64422.0,1.0119
6,2022-02-07,Abidjan,Cote d'Ivoire,3,monopoly,0,0,0,9598,6312,849,6.69,0.719,0.0417,2.65,0.58,65309.0,1.0051
7,2022-02-14,Abidjan,Cote d'Ivoire,3,monopoly,0,0,0,10501,6732,959,6.47,0.707,0.0487,2.78,0.73,69416.0,1.0207
8,2022-02-21,Abidjan,Cote d'Ivoire,3,monopoly,0,0,0,10393,6857,883,6.57,0.705,0.0429,2.93,0.61,69537.0,1.0219
9,2022-02-28,Abidjan,Cote d'Ivoire,3,monopoly,0,0,0,10628,6599,1088,6.46,0.721,0.0535,2.58,0.7,70043.0,1.0091
10,2022-03-07,Abidjan,Cote d'Ivoire,3,monopoly,0,0,0,10440,6869,958,6.64,0.696,0.0363,2.74,0.81,70991.0,1.0119
11,2022-03-14,Abidjan,Cote d'Ivoire,3,monopoly,0,0,0,9524,6737,1091,6.52,0.722,0.0436,2.48,0.62,63350.0,1.0026
12,2022-03-21,Abidjan,Cote d'Ivoire,3,monopoly,0,0,0,10110,6757,947,6.4,0.71,0.0451,2.76,0.74,66204.0,0.9966
13,2022-03-28,Abidjan,Cote d'Ivoire,3,monopoly,0,0,0,10904,7824,1025,6.44,0.698,0.0441,2.58,0.74,71959.0,1.0004
14,2022-04-04,Abidjan,Cote d'Ivoire,3,monopoly,0,0,0,11629,7434,995,6.44,0.696,0.0442,2.92,0.62,76273.0,0.9792
15,2022-04-11,Abidjan,Cote d'Ivoire,3,monopoly,0,0,0,11224,7201,1343,6.47,0.723,0.0424,2.9,0.72,74175.0,0.9675
16,2022-04-18,Abidjan,Cote d'Ivoire,3,monopoly,0,0,0,11096,7353,1270,6.51,0.698,0.0461,2.98,0.6,73558.0,0.9727
17,2022-04-25,Abidjan,Cote d'Ivoire,3,monopoly,0,0,0,10291,6976,1293,6.52,0.713,0.0441,3.13,0.67,68499.0,0.9711
18,2022-05-02,Abidjan,Cote d'Ivoire,3,monopoly,0,0,0,10447,7131,785,6.46,0.692,0.0577,2.79,0.72,69028.0,0.9847
19,2022-05-09,Abidjan,Cote d'Ivoire,3,monopoly,0,0,0,9918,6989,1191,6.53,0.713,0.0623,2.84,0.61,66044.0,0.9801
20,2022-05-16,Abidjan,Cote d'Ivoire,3,monopoly,0,0,0,10414,6671,878,6.44,0.722,0.0426,2.78,0.75,68567.0,0.9132
21,2022-05-23,Abidjan,Cote d'Ivoire,3,monopoly,0,0,0,10243,7103,1060,6.31,0.712,0.0523,2.64,0.77,66274.0,0.9677
22,2022-05-30,Abidjan,Cote d'Ivoire,3,monopoly,0,0,0,10760,7508,920,6.55,0.733,0.0429,3.0,0.61,71852.0,0.996
23,2022-06-06,Abidjan,Cote d'Ivoire,3,monopoly,0,0,0,10624,7162,1063,6.6,0.713,0.0599,2.63,0.8,71837.0,0.9981
24,2022-06-13,Abidjan,Cote d'Ivoire,3,monopoly,0,0,0,9702,7183,1127,6.46,0.7,0.0638,3.03,0.77,64334.0,0.9831
25,2022-06-20,Abidjan,Cote d'Ivoire,3,monopoly,0,0,0,10691,7074,1167,6.51,0.719,0.0567,2.91,0.83,71360.0,0.983
26,2022-06-27,Abidjan,Cote d'Ivoire,3,monopoly,0,0,0,11705,7369,919,6.39,0.73,0.0448,2.9,0.78,76519.0,0.9902
27,2022-07-04,Abidjan,Cote d'Ivoire,3,monopoly,0,0,0,10707,7353,852,6.58,0.715,0.06,2.65,0.64,71864.0,0.981
28,2022-07-11,Abidjan,Cote d'Ivoire,3,monopoly,0,0,0,10456,7438,937,6.38,0.733,0.0615,3.28,0.63,68115.0,0.9918
29,2022-07-18,Abidjan,Cote d'Ivoire,3,monopoly,0,0,0,10557,6968,1034,6.52,0.723,0.035,2.78,0.59,70065.0,0.988
30,2022-07-25,Abidjan,Cote d'Ivoire,3,monopoly,0,0,0,11122,7076,1037,6.7,0.724,0.0523,2.76,0.7,76003.0,0.989
31,2022-08-01,Abidjan,Cote d'Ivoire,3,monopoly,0,0,0,10514,7211,1115,6.5,0.731,0.0674,2.83,0.56,69552.0,0.9862
32,2022-08-08,Abidjan,Cote d'Ivoire,3,monopoly,0,0,0,10544,7593,1227,6.5,0.715,0.0635,2.75,0.7,70131.0,1.0114
33,2022-08-15,Abidjan,Cote d'Ivoire,3,monopoly,0,0,0,11277,7325,1090,6.54,0.723,0.0459,2.77,0.65,75180.0,1.0073
34,2022-08-22,Abidjan,Cote d'Ivoire,3,monopoly,0,0,0,11110,7330,1171,6.64,0.705,0.0643,3.12,0.63,75156.0,0.9931
35,2022-08-29,Abidjan,Cote d'Ivoire,3,monopoly,0,0,0,11685,7586,1313,6.37,0.703,0.0529,2.92,0.58,75753.0,1.0046
36,2022-09-05,Abidjan,Cote d'Ivoire,3,monopoly,0,0,0,11095,7608,1115,6.65,0.71,0.051,2.71,0.59,75128.0,0.9895
37,2022-09-12,Abidjan,Cote d'Ivoire,3,monopoly,0,0,0,12118,7909,947,6.33,0.716,0.048,2.79,0.7,78368.0,0.9955
38,2022-09-19,Abidjan,Cote d'Ivoire,3,monopoly,0,0,0,12394,7429,1149,6.63,0.709,0.0483,3.12,0.73,83799.0,0.9755
39,2022-09-26,Abidjan,Cote d'Ivoire,3,monopoly,0,0,0,10723,7746,1130,6.45,0.713,0.0507,2.9,0.58,70511.0,0.9695
40,2022-10-03,Abidjan,Cote d'Ivoire,3,monopoly,0,0,0,11856,7797,1245,6.54,0.71,0.0436,3.01,0.72,79222.0,0.9823
41,2022-10-10,Abidjan,Cote d'Ivoire,3,monopoly,0,0,0,11336,8083,1377,6.47,0.732,0.0541,2.75,0.72,75090.0,0.9966
42,2022-10-17,Abidjan,Cote d'Ivoire,3,monopoly,0,0,0,13002,8109,980,6.63,0.697,0.0494,2.87,0.7,87906.0,0.9997
43,2022-10-24,Abidjan,Cote d'Ivoire,3,monopoly,0,0,0,11987,8150,1241,6.53,0.704,0.0586,3.02,0.84,80329.0,0.9985
44,2022-10-31,Abidjan,Cote d'Ivoire,3,monopoly,0,0,0,13242,7897,1303,6.39,0.709,0.0481,2.9,0.68,86227.0,0.9957
45,2022-11-07,Abidjan,Cote d'Ivoire,3,monopoly,0,0,0,11907,7659,1034,6.41,0.668,0.0465,2.73,0.68,77886.0,0.981
46,2022-11-14,Abidjan,Cote d'Ivoire,3,monopoly,0,0,0,12682,8053,1176,6.48,0.738,0.0532,2.63,0.64,83726.0,0.9797
47,2022-11-21,Abidjan,Cote d'Ivoire,3,monopoly,0,0,0,12614,7774,1052,6.47,0.721,0.0475,2.76,0.7,83245.0,0.9817
48,2022-11-28,Abidjan,Cote d'Ivoire,3,monopoly,0,0,0,13563,8397,1305,6.48,0.715,0.0539,2.62,0.64,89500.0,0.9998
49,2022-12-05,Abidjan,Cote d'Ivoire,3,monopoly,0,0,0,13011,7979,1244,6.31,0.728,0.0563,2.83,0.61,83560.0,1.0036
50,2022-12-12,Abidjan,Cote d'Ivoire,3,monopoly,0,0,0,12178,8054,1038,6.53,0.712,0.0316,2.91,0.75,81334.0,0.983
51,2022-12-19,Abidjan,Cote d'Ivoire,3,monopoly,0,0,0,13506,8468,1189,6.34,0.733,0.0495,2.65,0.72,87457.0,0.9925
52,2022-12-26,Abidjan,Cote d'Ivoire,3,monopoly,0,0,0,13433,8616,1623,6.39,0.744,0.037,2.84,0.74,87750.0,0.9909
53,2023-01-02,Abidjan,Cote d'Ivoire,3,monopoly,0,0,0,13461,8178,1140,6.57,0.719,0.0543,2.65,0.66,90058.0,0.9866
54,2023-01-09,Abidjan,Cote d'Ivoire,3,monopoly,0,0,0,13073,8578,1323,6.58,0.712,0.0587,2.73,0.69,87796.0,0.998
55,2023-01-16,Abidjan,Cote d'Ivoire,3,monopoly,0,0,0,12893,8282,1059,6.65,0.709,0.0518,2.96,0.67,87403.0,0.9697
56,2023-01-23,Abidjan,Cote d'Ivoire,3,monopoly,0,0,0,14770,9146,1422,6.58,0.702,0.0425,2.76,0.79,99354.0,1.0168
57,2023-01-30,Abidjan,Cote d'Ivoire,3,monopoly,0,0,0,13119,8781,1388,6.36,0.743,0.0567,2.63,0.67,85202.0,1.0017
58,2023-02-06,Abidjan,Cote d'Ivoire,3,monopoly,0,0,0,13861,8848,1347,6.7,0.714,0.0516,2.65,0.69,94700.0,0.9977
59,2023-02-13,Abidjan,Cote d'Ivoire,3,monopoly,0,0,0,13767,9205,1454,6.41,0.722,0.0452,2.88,0.67,90097.0,1.0021
60,2023-02-20,Abidjan,Cote d'Ivoire,3,monopoly,0,0,0,14310,8858,1351,6.49,0.722,0.0567,2.34,0.69,94706.0,1.0121
61,2023-02-27,Abidjan,Cote d'Ivoire,3,monopoly,0,0,0,13626,9017,1052,6.23,0.732,0.0505,2.82,0.71,86811.0,1.0026
62,2023-03-06,Abidjan,Cote d'Ivoire,3,monopoly,0,0,0,14970,8876,1380,6.64,0.711,0.0566,2.75,0.8,101531.0,0.9997
63,2023-03-13,Abidjan,Cote d'Ivoire,3,monopoly,0,0,0,14071,9217,1256,6.48,0.724,0.059,2.63,0.73,93199.0,0.9876
64,2023-03-20,Abidjan,Cote d'Ivoire,3,monopoly,0,0,0,13990,8916,1022,6.42,0.709,0.0549,2.68,0.61,91447.0,0.9788
65,2023-03-27,Abidjan,Cote d'Ivoire,3,monopoly,0,0,0,15736,10123,1456,6.64,0.707,0.0524,2.68,0.71,106643.0,0.9951
66,2023-04-03,Abidjan,Cote d'Ivoire,3,monopoly,0,0,0,16061,10634,1549,6.42,0.716,0.0414,2.48,0.69,105313.0,1.0118
67,2023-04-10,Abidjan,Cote d'Ivoire,3,monopoly,0,0,0,16224,10577,1595,6.5,0.715,0.0561,2.82,0.82,108058.0,1.0069
68,2023-04-17,Abidjan,Cote d'Ivoire,3,monopoly,0,0,0,17336,10411,1589,6.66,0.702,0.0392,2.57,0.7,117644.0,1.0155
69,2023-04-24,Abidjan,Cote d'Ivoire,3,monopoly,0,0,0,15256,9328,1245,6.5,0.711,0.0414,2.9,0.78,101347.0,1.014
70,2023-05-01,Abidjan,Cote d'Ivoire,3,monopoly,0,0,0,14459,9664,1401,6.36,0.689,0.0469,2.71,0.72,94047.0,1.002
71,2023-05-08,Abidjan,Cote d'Ivoire,3,monopoly,0,0,0,14913,9867,1750,6.46,0.689,0.0394,2.81,0.72,98469.0,1.0053
72,2023-05-15,Abidjan,Cote d'Ivoire,3,monopoly,0,0,0,14299,10344,1420,6.5,0.699,0.0401,2.89,0.66,94992.0,1.0204
73,2023-05-22,Abidjan,Cote d'Ivoire,3,monopoly,0,0,0,16192,9807,1386,6.49,0.703,0.0511,2.73,0.66,107028.0,1.0128
74,2023-05-29,Abidjan,Cote d'Ivoire,3,monopoly,0,0,0,14821,10149,1333,6.56,0.693,0.063,2.99,0.8,99662.0,1.0256
75,2023-06-05,Abidjan,Cote d'Ivoire,3,monopoly,0,0,0,14752,9418,1558,6.67,0.692,0.0466,2.83,0.72,100430.0,0.9878
76,2023-06-12,Abidjan,Cote d'Ivoire,3,monopoly,0,0,0,14977,9534,1166,6.42,0.688,0.0514,2.83,0.66,98040.0,1.0011
77,2023-06-19,Abidjan,Cote d'Ivoire,3,monopoly,0,0,0,14603,9757,1551,6.51,0.716,0.0638,2.51,0.68,97056.0,1.0017
78,2023-06-26,Abidjan,Cote d'Ivoire,3,monopoly,0,1,0,14678,10037,1278,6.71,0.702,0.0567,2.53,0.7,100597.0,0.9978
79,2023-07-03,Abidjan,Cote d'Ivoire,3,monopoly,0,1,0,14651,9552,1686,6.45,0.74,0.0497,2.52,0.68,96448.0,0.9996
80,2023-07-10,Abidjan,Cote d'Ivoire,3,monopoly,0,1,0,13913,8939,1462,6.49,0.733,0.061,2.87,0.71,92199.0,0.9779
81,2023-07-17,Abidjan,Cote d'Ivoire,3,monopoly,0,1,0,12890,9343,1334,6.38,0.72,0.0635,2.54,0.62,83976.0,0.9832
82,2023-07-24,Abidjan,Cote d'Ivoire,3,monopoly,0,1,0,15126,9331,1620,6.46,0.7,0.0449,2.85,0.84,100065.0,0.993
83,2023-07-31,Abidjan,Cote d'Ivoire,3,monopoly,0,1,0,14603,9702,1577,6.35,0.722,0.0521,2.72,0.72,94825.0,1.0117
84,2023-08-07,Abidjan,Cote d'Ivoire,3,monopoly,0,1,0,15575,9568,1257,6.47,0.722,0.0481,2.81,0.69,102751.0,1.0019
85,2023-08-14,Abidjan,Cote d'Ivoire,3,monopoly,0,1,0,13425,9378,1136,6.47,0.712,0.0518,3.07,0.78,89054.0,0.9923
86,2023-08-21,Abidjan,Cote d'Ivoire,3,monopoly,0,1,0,14413,9728,1375,6.41,0.705,0.0461,2.71,0.64,94255.0,0.9895
87,2023-08-28,Abidjan,Cote d'Ivoire,3,monopoly,0,1,0,15088,9720,1216,6.4,0.707,0.0662,2.8,0.63,98400.0,1.0032
88,2023-09-04,Abidjan,Cote d'Ivoire,3,monopoly,0,1,0,14470,9748,1708,6.5,0.702,0.0639,2.64,0.71,96131.0,1.0057
89,2023-09-11,Abidjan,Cote d'Ivoire,3,monopoly,0,1,0,14714,10267,1658,6.56,0.732,0.0492,2.91,0.71,98711.0,0.9979
90,2023-09-18,Abidjan,Cote d'Ivoire,3,monopoly,0,1,0,15711,10282,1615,6.55,0.736,0.0559,2.68,0.67,104974.0,1.0043
91,2023-09-25,Abidjan,Cote d'Ivoire,3,monopoly,0,1,0,15083,10092,1763,6.66,0.716,0.0525,2.97,0.67,102481.0,1.0038
92,2023-10-02,Abidjan,Cote d'Ivoire,3,monopoly,0,1,0,14254,10651,1853,6.59,0.721,0.0524,2.8,0.79,96458.0,1.0132
93,2023-10-09,Abidjan,Cote d'Ivoire,3,monopoly,0,1,0,14944,10219,1629,6.56,0.703,0.0557,2.85,0.7,100179.0,1.0008
94,2023-10-16,Abidjan,Cote d'Ivoire,3,monopoly,0,1,0,14043,10267,1658,6.4,0.716,0.0489,2.86,0.69,92000.0,0.9969
95,2023-10-23,Abidjan,Cote d'Ivoire,3,monopoly,0,1,0,16346,9908,1566,6.45,0.678,0.0593,2.93,0.61,107245.0,0.9937
96,2023-10-30,Abidjan,Cote d'Ivoire,3,monopoly,0,1,0,16383,9870,1529,6.41,0.716,0.0488,2.61,0.71,107117.0,0.9798
97,2023-11-06,Abidjan,Cote d'Ivoire,3,monopoly,0,1,0,15408,10099,1404,6.48,0.726,0.0433,2.9,0.8,102268.0,0.9901
98,2023-11-13,Abidjan,Cote d'Ivoire,3,monopoly,0,1,0,15708,10258,1484,6.53,0.726,0.055,2.87,0.66,104604.0,0.9965
99,2023-11-20,Abidjan,Cote d'Ivoire,3,monopoly,0,1,0,15175,9977,1513,6.53,0.706,0.054,2.3,0.69,101158.0,0.9978
100,2023-11-27,Abidjan,Cote d'Ivoire,3,monopoly,0,1,0,16378,10871,1864,6.55,0.69,0.0589,2.92,0.6,109233.0,0.996
101,2023-12-04,Abidjan,Cote d'Ivoire,3,monopoly,0,1,0,15924,10620,1353,6.38,0.713,0.0525,2.8,0.76,104016.0,0.9818
102,2023-12-11,Abidjan,Cote d'Ivoire,3,monopoly,0,1,0,16674,10664,1679,6.49,0.727,0.043,2.74,0.69,110422.0,0.9835
103,2023-12-18,Abidjan,Cote d'Ivoire,3,monopoly,0,1,0,17318,10519,1789,6.66,0.707,0.0577,2.76,0.68,117484.0,0.9855
104,2023-12-25,Abidjan,Cote d'Ivoire,3,monopoly,0,1,0,17145,10714,1508,6.52,0.692,0.0516,2.95,0.69,114003.0,0.9818
